code,年度,総資産,純資産,株主資本,利益剰余金,短期借入金,長期借入金,BPS,自己資本比率,営業CF,投資CF,財務CF,設備投資,現金同等物,営業CFマージン,売上高,営業利益,経常利益,純利益,EPS,ROE,ROA,一株配当,剰余金の配当,自社株買い,配当性向,総還元性向,純資産配当率,name
3001,2020/12,134384000000.0,81843000000.0,43437000000.0,42689000000.0,3041000000.0,8147000000.0,1686.47,42.8,6530000000.0,2167000000.0,-4184000000.0,-1285000000.0,8017000000.0,16.47,39639000000.0,3595000000.0,4544000000.0,2871000000.0,82.7,4.99,2.14,16.0,492000000.0,1148000000.0,17.14,57.12,0.9,片倉工業
3002,2021/03,159629000000.0,115178000000.0,110298000000.0,84456000000.0,4913000000.0,4581000000.0,6419.58,71.1,8595000000.0,1169000000.0,-9335000000.0,,9717000000.0,6.95,123649000000.0,4673000000.0,5094000000.0,2147000000.0,120.9,1.89,1.34,115.0,2042000000.0,391000000.0,95.11,113.32,1.8,グンゼ
3101,2021/03,491188000000.0,188635000000.0,147989000000.0,64351000000.0,40767000000.0,77046000000.0,2090.47,37.8,35028000000.0,-31678000000.0,5340000000.0,,34526000000.0,10.38,337406000000.0,26657000000.0,20706000000.0,4202000000.0,47.3,2.26,0.86,40.0,3552000000.0,3000000.0,84.53,84.6,2.0,東洋紡
3103,2021/03,190403000000.0,41192000000.0,38865000000.0,25695000000.0,2130000000.0,92002000000.0,684.67,20.7,14869000000.0,-6171000000.0,-4141000000.0,-6708000000.0,22593000000.0,13.47,110375000000.0,6018000000.0,5381000000.0,3864000000.0,67.02,9.79,2.03,0.0,321000000.0,,8.31,8.31,,ユニチカ
3104,2021/03,55789000000.0,37282000000.0,34797000000.0,26481000000.0,1194000000.0,164000000.0,3254.93,66.8,6792000000.0,-5818000000.0,-1312000000.0,,4571000000.0,18.39,36932000000.0,5285000000.0,5450000000.0,4315000000.0,376.79,11.57,7.73,105.0,1145000000.0,,26.54,26.54,3.4,富士紡ホールディングス
3106,2021/03,170433000000.0,95004000000.0,91620000000.0,58589000000.0,18697000000.0,3456000000.0,4537.63,54.8,8073000000.0,-3262000000.0,-1324000000.0,,22059000000.0,6.61,122184000000.0,3206000000.0,4242000000.0,2209000000.0,107.31,2.36,1.3,60.0,1241000000.0,3000000.0,56.18,56.32,1.4,倉敷紡績
3109,2021/03,82679000000.0,31855000000.0,19424000000.0,8348000000.0,10205000000.0,12418000000.0,2869.52,37.4,2775000000.0,-2342000000.0,-509000000.0,-2328000000.0,6372000000.0,8.28,33519000000.0,1196000000.0,936000000.0,9000000.0,0.83,0.03,0.01,40.0,434000000.0,,4822.22,4822.22,1.4,シキボウ
3111,2021/03,23330000000.0,4190000000.0,5467000000.0,-456000000.0,2017000000.0,7663000000.0,635.12,18.0,-1598000000.0,4538000000.0,-792000000.0,-340000000.0,2957000000.0,-23.54,6788000000.0,-187000000.0,-352000000.0,1040000000.0,157.64,24.82,4.46,,,,,0.0,,オーミケンシ
3123,2021/03,39133246000.0,16611787000.0,13689193000.0,11896778000.0,50000000.0,13649273000.0,1098.23,37.1,2135085000.0,-12140086000.0,10068572000.0,-12207351000.0,1620990000.0,31.73,6729224000.0,729248000.0,874428000.0,587763000.0,44.53,4.05,1.5,14.0,182877000.0,,31.11,31.11,1.3,サイボー
3201,2020/11,147172000000.0,95714000000.0,92124000000.0,91671000000.0,17119000000.0,3642000000.0,1310.04,63.8,11315000000.0,-6225000000.0,-359000000.0,,29927000000.0,10.78,104915000000.0,9048000000.0,12655000000.0,7121000000.0,98.57,7.58,4.84,27.0,1890000000.0,1038000000.0,26.54,41.12,2.1,日本毛織
3202,2021/03,21909249000.0,4615257000.0,-6710000.0,-96928000.0,607992000.0,10884622000.0,153.52,20.9,899366000.0,-64581000.0,-668650000.0,,1485228000.0,19.48,4617518000.0,253792000.0,21915000.0,97513000.0,3.26,2.12,0.45,,,,,0.0,,ダイトウボウ
3204,2020/12,31248000000.0,10822000000.0,10363000000.0,2872000000.0,5102000000.0,7224000000.0,1212.41,34.6,-68000000.0,-199000000.0,928000000.0,-342000000.0,2152000000.0,-0.46,14752000000.0,270000000.0,297000000.0,184000000.0,20.63,1.7,0.59,10.0,178000000.0,,96.74,,0.8,トーア紡コーポレーション
3205,2021/03,35394000000.0,10628000000.0,9424000000.0,-1404000000.0,6780000000.0,5116000000.0,291.19,26.9,95000000.0,5579000000.0,-1469000000.0,-432000000.0,7723000000.0,0.55,17299000000.0,-2527000000.0,-2204000000.0,-4513000000.0,-138.6,,,,84000000.0,,,,,ダイドーリミテッド
3302,2020/12,68479321000.0,55180860000.0,39931245000.0,37857981000.0,,89000000.0,2062.07,79.5,6099458000.0,-4208279000.0,-1156400000.0,-2968681000.0,11897885000.0,18.86,32332494000.0,4189982000.0,4865375000.0,3379372000.0,128.16,6.21,4.93,45.0,1182373000.0,49000.0,34.99,34.99,2.2,帝国繊維
3401,2021/03,1036881000000.0,428257000000.0,392346000000.0,229805000000.0,95387000000.0,218857000000.0,2115.61,39.2,107729000000.0,-79587000000.0,-20878000000.0,-60926000000.0,166455000000.0,12.88,836512000000.0,54931000000.0,53658000000.0,-6662000000.0,-34.71,,,50.0,10557000000.0,8000000.0,,,2.4,帝人
3402,2021/03,2848839000000.0,1322275000000.0,1237851000000.0,899994000000.0,278678000000.0,654608000000.0,773.44,43.5,211591000000.0,-97872000000.0,-69403000000.0,,236354000000.0,11.23,1883600000000.0,55879000000.0,,45794000000.0,28.61,3.7,1.61,9.0,,,,0.0,1.2,東レ
3405,2020/12,1051584000000.0,515481000000.0,496177000000.0,336050000000.0,34480000000.0,206881000000.0,1450.31,47.4,79947000000.0,-64025000000.0,91508000000.0,,182084000000.0,14.76,541797000000.0,44341000000.0,39740000000.0,2570000000.0,7.47,0.52,0.24,40.0,14784000000.0,2000000.0,575.25,575.33,2.7,クラレ
3407,2021/03,2918941000000.0,1494535000000.0,1335890000000.0,1158792000000.0,144571000000.0,320404000000.0,1057.61,50.3,253676000000.0,-157751000000.0,-95869000000.0,-150292000000.0,216235000000.0,12.05,2106051000000.0,171808000000.0,178036000000.0,79768000000.0,57.49,5.44,2.73,34.0,45800000000.0,10000000.0,57.42,57.43,3.3,旭化成
3408,2021/03,31273380000.0,23435423000.0,22289105000.0,16896249000.0,661512000.0,202201000.0,3793.94,74.7,2453894000.0,588472000.0,-1324138000.0,-157446000.0,8682337000.0,11.21,21897350000.0,849860000.0,2161774000.0,1408835000.0,228.84,6.03,4.5,95.0,399448000.0,1722000.0,28.35,28.48,2.6,サカイオーベックス
3409,2021/03,1816000000.0,867071000.0,366126000.0,-758538000.0,451500000.0,123849000.0,57.88,47.6,-101688000.0,135010000.0,377235000.0,-29718000.0,480230000.0,-16.53,615000000.0,-114830000.0,-101000000.0,-61000000.0,-5.67,,,,,80000.0,,,,北日本紡績
3501,2021/05,83669000000.0,32956000000.0,18878000000.0,10672000000.0,9834000000.0,7855000000.0,4438.55,33.5,4167000000.0,-754000000.0,-3174000000.0,-2271000000.0,10756000000.0,5.23,79702000000.0,1049000000.0,1211000000.0,409000000.0,64.76,1.46,0.49,35.0,189000000.0,,46.21,46.21,0.8,住江織物
3512,2021/03,22649775000.0,17287746000.0,15327050000.0,11966712000.0,1600000000.0,,889.88,74.9,1054478000.0,-690904000.0,411604000.0,-423707000.0,4119497000.0,10.54,10005214000.0,232000000.0,477623000.0,329707000.0,17.31,1.94,1.46,13.0,247447000.0,22000.0,75.05,75.06,1.5,日本フエルト
3513,2021/03,25293000000.0,18500123000.0,17178902000.0,11902961000.0,860000000.0,,4039.79,73.1,1716376000.0,-1023000000.0,-395857000.0,-1368043000.0,3614894000.0,14.8,11598000000.0,323491000.0,489000000.0,369000000.0,80.67,2.0,1.46,60.0,279627000.0,437000.0,75.78,75.9,1.5,イチカワ
3524,2021/04,23509302000.0,6338397000.0,6402856000.0,4531553000.0,6653347000.0,4940768000.0,2385.55,26.3,1195848000.0,-2961225000.0,1796441000.0,-2944209000.0,635633000.0,6.76,17680463000.0,772613000.0,865020000.0,419812000.0,161.88,6.79,1.79,50.0,129671000.0,,30.89,30.89,2.1,日東製網
3529,2021/03,44343000000.0,33956000000.0,29997000000.0,-4686000000.0,,1850000000.0,2110.47,76.3,-2949000000.0,522000000.0,2069000000.0,-171000000.0,7403000000.0,-18.17,16228000000.0,-2593000000.0,-1995000000.0,-3826000000.0,-238.68,,,,240000000.0,1000000.0,,,,アツギ
3551,2021/03,52125106000.0,20638657000.0,16055738000.0,9348265000.0,12790677000.0,5954778000.0,2394.91,38.9,1822019000.0,-1295113000.0,-1166210000.0,-1394261000.0,2667672000.0,5.08,35865045000.0,848695000.0,967922000.0,925191000.0,109.17,4.56,1.77,25.0,254237000.0,94000.0,27.48,27.49,1.1,ダイニック
3553,2021/03,52642000000.0,33443000000.0,31750000000.0,28287000000.0,698000000.0,,1334.38,62.1,2753000000.0,-2367000000.0,-781000000.0,-1655000000.0,10063000000.0,6.68,41182000000.0,1571000000.0,1907000000.0,1442000000.0,58.86,4.41,2.74,26.0,685000000.0,,47.5,,2.0,共和レザー
3569,2021/03,144702000000.0,80897000000.0,80219000000.0,60329000000.0,4521000000.0,14406000000.0,1484.53,55.0,12958000000.0,-1889000000.0,12317000000.0,-3226000000.0,39498000000.0,13.13,98688000000.0,8580000000.0,9451000000.0,6252000000.0,113.79,7.85,4.32,36.0,1998000000.0,3000000000.0,31.96,79.94,2.5,セーレン
3571,2021/03,15616784000.0,12949942000.0,12358868000.0,9255428000.0,,138250000.0,1017.54,82.9,1019443000.0,-413640000.0,-238261000.0,-1101728000.0,2571441000.0,13.51,7545390000.0,-634897000.0,-467074000.0,-831869000.0,-65.36,,,26.0,356349000.0,104000.0,,,2.5,ソトー
3577,2021/03,12907809000.0,6860607000.0,6657224000.0,1555439000.0,950000000.0,1435000000.0,1862.62,46.9,319791000.0,-359958000.0,-114312000.0,-478216000.0,2134655000.0,3.01,10624564000.0,-148376000.0,-69608000.0,-174330000.0,-53.68,,,20.0,64959000.0,426000.0,,,1.1,東海染工
3578,2021/03,3150653000.0,1600864000.0,1594202000.0,688259000.0,300000000.0,,626.41,50.8,-155591000.0,-207106000.0,168543000.0,-210227000.0,1208260000.0,-7.9,1968404000.0,-331292000.0,-193586000.0,-214398000.0,-134.12,,,12.0,,,,,1.1,倉庫精練
3580,2021/03,45635000000.0,36073000000.0,35623000000.0,27197000000.0,,,855.76,79.0,3069000000.0,-117000000.0,-1649000000.0,,9954000000.0,10.22,30018000000.0,1416000000.0,1916000000.0,1810000000.0,42.37,5.02,3.97,16.0,688000000.0,737000000.0,38.01,78.73,1.9,小松マテーレ
3583,2021/03,8643379000.0,4844628000.0,4866153000.0,2623070000.0,,2037226000.0,1753.19,56.1,631217000.0,-181988000.0,-12715000.0,-191975000.0,1867635000.0,13.28,4751464000.0,265496000.0,331726000.0,114965000.0,41.6,2.37,1.33,15.0,46207000.0,284000.0,40.19,40.44,0.9,オーベクス
3591,2021/03,322761000000.0,218616000000.0,215612000000.0,,,,3454.18,66.8,4260000000.0,-2562000000.0,33605000000.0,,63557000000.0,2.8,152204000000.0,-1115000000.0,,7025000000.0,112.57,3.26,2.18,40.0,2496000000.0,,35.53,35.53,,ワコールホールディングス
3593,2021/03,105644000000.0,95951000000.0,92706000000.0,86149000000.0,,,3182.95,90.8,6854000000.0,-6950000000.0,-2500000000.0,-7540000000.0,19911000000.0,18.78,36504000000.0,5632000000.0,5988000000.0,4959000000.0,164.03,5.17,4.69,68.0,2044000000.0,453000000.0,41.22,50.35,2.2,ホギメディカル
3597,2021/06,38992918000.0,33088994000.0,32124283000.0,29030880000.0,1000000000.0,,11477.56,84.9,5906479000.0,-934005000.0,-2366731000.0,-801754000.0,6106306000.0,33.03,17882029000.0,2158629000.0,2245619000.0,1544741000.0,535.82,4.67,3.96,300.0,864897000.0,399000.0,55.99,56.02,2.7,自重堂
3598,2021/03,13237868000.0,5001034000.0,4690214000.0,-1394490000.0,3555864000.0,1615743000.0,351.64,37.6,-253312000.0,-94813000.0,579615000.0,-42811000.0,1189237000.0,-2.45,10333238000.0,-1293431000.0,-1206087000.0,-1491969000.0,-105.3,,,,28278000.0,,36.88,36.88,,山喜
3600,2021/03,10707061000.0,9382007000.0,8161203000.0,6576104000.0,,,6324.44,81.3,569729000.0,-173128000.0,-113290000.0,-273009000.0,2069956000.0,9.77,5830296000.0,95669000.0,146360000.0,137682000.0,100.01,1.58,1.29,70.0,86044000.0,63000.0,62.49,62.54,1.1,フジックス
3604,2021/03,17109479000.0,5363636000.0,4875625000.0,2918675000.0,1200000000.0,2994745000.0,916.85,31.1,977744000.0,-141751000.0,-680653000.0,-149879000.0,1359921000.0,3.17,30872223000.0,1305971000.0,1368599000.0,1370591000.0,236.49,25.79,8.01,12.0,34773000.0,49000.0,2.54,2.54,1.3,川本産業
3607,2021/08,13785000000.0,2368000000.0,2137238000.0,398722000.0,3150000000.0,5006782000.0,268.9,17.2,515000000.0,381000000.0,-126000000.0,-128371000.0,4777910000.0,7.34,7015000000.0,-1732000000.0,-405000000.0,-810000000.0,-92.11,,,,399000.0,,,,,クラウディアホールディングス
3608,2021/02,154951000000.0,97430000000.0,92720000000.0,52213000000.0,152000000.0,16082000000.0,1074.8,62.6,-5300000000.0,36010000000.0,-11170000000.0,-3637000000.0,49761000000.0,-3.95,134078000000.0,-11843000000.0,-10359000000.0,3861000000.0,42.63,3.98,2.49,,1635000000.0,1177000000.0,42.35,72.83,,ＴＳＩホールディングス
3611,2021/03,43002000000.0,26568000000.0,23388000000.0,21005000000.0,1725000000.0,2693000000.0,2458.21,56.0,6648000000.0,-341000000.0,-2347000000.0,-2345000000.0,12851000000.0,12.33,53928000000.0,4563000000.0,4073000000.0,2764000000.0,277.87,11.49,6.43,40.0,401000000.0,743000000.0,14.51,41.39,1.7,マツオカコーポレーション
3612,2021/03,245386000000.0,80029000000.0,78435000000.0,24653000000.0,78268000000.0,1697000000.0,2328.55,32.0,4155000000.0,-2679000000.0,-1144000000.0,-1166000000.0,20687000000.0,2.3,180322000000.0,-21637000000.0,,-17149000000.0,-511.04,,,,833000000.0,,,,,ワールド
3708,2021/03,128091000000.0,80286000000.0,69991000000.0,52476000000.0,6445000000.0,13728000000.0,5493.88,57.3,11638000000.0,893000000.0,-9242000000.0,-8000000000.0,13197000000.0,15.23,76403000000.0,3227000000.0,5970000000.0,5594000000.0,416.26,7.62,4.37,100.0,1028000000.0,2176000000.0,18.38,57.28,1.9,特種東海製紙
3861,2021/03,1981438000000.0,865606000000.0,692805000000.0,493224000000.0,129963000000.0,362718000000.0,758.28,37.9,127107000000.0,-91559000000.0,19932000000.0,,135669000000.0,9.35,1358985000000.0,84793000000.0,83061000000.0,49635000000.0,50.13,6.61,2.5,14.0,13888000000.0,4000000.0,27.98,27.99,1.9,王子ホールディングス
3863,2021/03,1547326000000.0,424721000000.0,362124000000.0,42672000000.0,199009000000.0,574846000000.0,3570.14,26.7,84197000000.0,-182945000000.0,113696000000.0,,69698000000.0,8.36,1007339000000.0,19233000000.0,12276000000.0,3196000000.0,27.67,0.78,0.21,40.0,4630000000.0,12000000.0,144.87,145.24,1.2,日本製紙
3864,2021/03,209438000000.0,62902000000.0,55932000000.0,10967000000.0,59150000000.0,31772000000.0,1408.43,30.0,13014000000.0,-2098000000.0,-4512000000.0,,15701000000.0,8.02,162325000000.0,-1770000000.0,-636000000.0,-2532000000.0,-56.7,,,,223000000.0,,,,,三菱製紙
3865,2021/03,363075000000.0,195419000000.0,190550000000.0,112891000000.0,22928000000.0,59142000000.0,1159.48,53.6,23760000000.0,-19575000000.0,4358000000.0,-15526000000.0,29846000000.0,10.68,222454000000.0,1701000000.0,9756000000.0,14172000000.0,84.4,7.28,3.9,14.0,2183000000.0,,15.4,15.4,1.3,北越コーポレーション
3877,2021/03,123490000000.0,47455000000.0,47039000000.0,11929000000.0,30568000000.0,22796000000.0,3550.86,38.4,5965000000.0,-3898000000.0,6284000000.0,-4776000000.0,15575000000.0,7.28,81938000000.0,-347000000.0,-319000000.0,-1052000000.0,-78.8,,,,333000000.0,,,,,中越パルプ工業
3878,2021/03,40658000000.0,15313000000.0,10338000000.0,3122000000.0,5347000000.0,5749000000.0,1138.06,28.3,4213000000.0,-1305000000.0,-2423000000.0,-1323000000.0,3988000000.0,13.69,30768000000.0,-15000000.0,145000000.0,-1152000000.0,-114.78,,,,255000000.0,,50.0,50.0,0.0,巴川製紙所
3880,2021/03,849801000000.0,246788000000.0,242275000000.0,136579000000.0,13744000000.0,284025000000.0,1440.33,28.2,64210000000.0,-103702000000.0,63589000000.0,-58030000000.0,130301000000.0,11.41,562928000000.0,36873000000.0,34478000000.0,22115000000.0,138.73,9.24,2.6,17.0,2447000000.0,2386000000.0,11.06,21.85,1.2,大王製紙
3891,2021/03,25025487000.0,16600576000.0,16764330000.0,10747424000.0,600000000.0,2251861000.0,1543.3,66.3,3219249000.0,-988771000.0,541319000.0,-898028000.0,4540565000.0,20.22,15918459000.0,2761584000.0,2796333000.0,2006168000.0,186.5,12.08,8.02,22.0,215133000.0,388000.0,10.72,10.74,1.5,ニッポン高度紙工業
3892,2021/05,13488370000.0,9727183000.0,8286449000.0,6903720000.0,,,1953.09,72.1,859216000.0,-752714000.0,-98455000.0,-791837000.0,4367399000.0,9.14,9401584000.0,824600000.0,890596000.0,616820000.0,123.97,6.34,4.57,16.0,79585000.0,18000.0,12.9,12.91,0.8,岡山製紙
3895,2021/03,14482417000.0,8851284000.0,8741986000.0,7576346000.0,,2435970000.0,1125.51,61.1,1270309000.0,-1284914000.0,-781086000.0,-497530000.0,1316636000.0,11.93,10647197000.0,768101000.0,824663000.0,561692000.0,71.51,6.35,3.88,16.0,141032000.0,,25.11,25.11,1.5,ハビックス
3896,2021/03,15739118000.0,6101361000.0,3173262000.0,526886000.0,1381302000.0,3467794000.0,423.73,26.9,199172000.0,-472629000.0,220880000.0,-638924000.0,440998000.0,1.59,12551062000.0,-153832000.0,-114873000.0,-444902000.0,-44.58,,,,34911000.0,29000.0,,,,阿波製紙
3941,2021/03,869992000000.0,324463000000.0,268443000000.0,215899000000.0,104586000000.0,141294000000.0,1265.53,36.0,66000000000.0,-46007000000.0,-7293000000.0,-41008000000.0,50099000000.0,9.7,680714000000.0,39938000000.0,43200000000.0,28599000000.0,115.51,9.13,3.29,24.0,5953000000.0,812000000.0,20.82,23.65,2.0,レンゴー
3944,2020/12,17510000000.0,8859000000.0,5772000000.0,3133000000.0,1081000000.0,906000000.0,7451.77,47.0,582000000.0,-369000000.0,-143000000.0,-651311000.0,1177000000.0,3.46,16800000000.0,566362000.0,596000000.0,12000000.0,10.91,0.15,0.07,50.0,54897000.0,108000.0,457.48,458.38,0.6,古林紙工
3945,2021/03,14551000000.0,3053000000.0,2837000000.0,268000000.0,1559000000.0,2547000000.0,1901.32,20.0,-118000000.0,19000000.0,-147000000.0,,1546000000.0,-0.45,26253000000.0,-137000000.0,-150000000.0,-383000000.0,-250.57,,,,91000000.0,,,,,スーパーバッグ
3946,2021/03,179743000000.0,71214000000.0,66006000000.0,45420000000.0,12126000000.0,38893000000.0,4325.72,39.3,11074000000.0,-13447000000.0,5831000000.0,-9771000000.0,13813000000.0,6.3,175647000000.0,7230000000.0,7734000000.0,4887000000.0,298.99,6.91,2.72,45.0,735000000.0,1000000.0,15.04,15.06,1.1,トーモク
3947,2020/12,66862880000.0,39214912000.0,29471884000.0,9409935000.0,828068000.0,738423000.0,3954.18,58.6,2764155000.0,-1588484000.0,-1019357000.0,-1286470000.0,2228264000.0,5.29,52277769000.0,725340000.0,1064997000.0,933997000.0,94.35,2.39,1.4,50.0,494400000.0,493000.0,52.93,52.99,1.3,ダイナパック
3948,2020/12,9520273000.0,7202331000.0,7022371000.0,5644893000.0,,,1245.64,75.7,750439000.0,137405000.0,-352520000.0,-54340000.0,2176907000.0,10.34,7256557000.0,445508000.0,449519000.0,354544000.0,61.32,4.92,3.72,23.0,132986000.0,,37.51,37.51,1.8,光ビジネスフォーム
3950,2020/12,83556000000.0,59739000000.0,58861000000.0,55860000000.0,,,3141.07,71.4,3155000000.0,-5013000000.0,-1214000000.0,-2998000000.0,15224000000.0,4.02,78445000000.0,3275000000.0,3606000000.0,2392000000.0,125.99,4.01,2.86,60.0,1138000000.0,,47.58,47.58,1.9,ザ・パック
3951,2021/03,63557620000.0,31416923000.0,29184779000.0,25921663000.0,98990000.0,15375004000.0,1413.37,48.8,4466967000.0,-4332451000.0,1142182000.0,-4358326000.0,7549410000.0,11.13,40143337000.0,2004675000.0,2408222000.0,1639547000.0,74.05,5.29,2.58,30.0,466607000.0,249660000.0,28.46,43.69,2.2,朝日印刷
3953,2021/03,7507117000.0,5473088000.0,5432134000.0,4353134000.0,,,1137.46,72.9,148479000.0,-344697000.0,-85236000.0,-345764000.0,3143566000.0,3.09,4801787000.0,270079000.0,275856000.0,163800000.0,34.04,2.99,2.18,10.0,48116000.0,,29.37,29.37,0.9,大村紙業
3954,2021/03,27826063000.0,19059822000.0,15273980000.0,14353075000.0,1066000000.0,77000000.0,4150.31,66.2,1509618000.0,-868349000.0,-218836000.0,-849314000.0,7123104000.0,7.57,19938449000.0,1170209000.0,1321600000.0,901017000.0,202.93,4.89,3.24,38.0,168721000.0,,18.73,18.73,1.0,昭和パックス
3955,2021/01,18674000000.0,14072000000.0,13040000000.0,10801000000.0,,89000000.0,1384.9,75.1,1597000000.0,-877000000.0,-101000000.0,-741000000.0,2817000000.0,7.52,21237000000.0,873000000.0,1056000000.0,660000000.0,65.17,4.71,3.53,20.0,151000000.0,23000000.0,22.88,26.36,1.5,イムラ封筒
3956,2021/03,3642762000.0,1885265000.0,1870465000.0,1298434000.0,,43891000.0,314.21,51.8,-580326000.0,-80888000.0,30400000.0,-28595000.0,425109000.0,-15.33,3786566000.0,147008000.0,152171000.0,111659000.0,18.61,5.92,3.07,4.0,26999000.0,,24.18,,1.3,国際チャート
4004,2020/12,2203606000000.0,718080000000.0,372669000000.0,165572000000.0,62645000000.0,839436000000.0,2782.79,18.4,109286000000.0,-930047000000.0,896521000000.0,-64500000000.0,197928000000.0,11.22,973700000000.0,-19449000000.0,-43971000000.0,-76304000000.0,-523.06,,,65.0,11693000000.0,3000000.0,,,2.1,昭和電工
4005,2021/03,3990254000000.0,1482119000000.0,1019230000000.0,854538000000.0,250389000000.0,1100677000000.0,623.39,25.5,374464000000.0,-177389000000.0,-39974000000.0,,360918000000.0,16.37,2286978000000.0,137115000000.0,,46043000000.0,28.16,4.52,1.15,15.0,19620000000.0,5000000.0,42.61,42.62,2.5,住友化学
4008,2021/03,107834000000.0,75491000000.0,69080000000.0,52104000000.0,10674000000.0,2934000000.0,5277.96,67.5,16251000000.0,-2229000000.0,-3264000000.0,,25266000000.0,15.74,103254000000.0,10101000000.0,10375000000.0,7119000000.0,516.17,9.78,6.6,100.0,1379000000.0,,19.37,19.37,2.0,住友精化
4021,2021/03,265509000000.0,200562000000.0,186923000000.0,161708000000.0,21489000000.0,1184000000.0,1384.13,74.9,39939000000.0,-12854000000.0,-25629000000.0,-8942000000.0,32380000000.0,19.1,209121000000.0,42530000000.0,43893000000.0,33470000000.0,231.72,16.83,12.61,104.0,13629000000.0,10002000000.0,40.72,70.6,7.9,日産化学
4022,2021/03,36928000000.0,17721000000.0,17746000000.0,9346000000.0,4708000000.0,5424000000.0,2227.53,47.8,2367000000.0,-1860000000.0,-1825000000.0,-1742000000.0,3407000000.0,8.17,28978000000.0,2659000000.0,2649000000.0,2004000000.0,252.85,11.35,5.43,45.0,317000000.0,,15.82,15.82,2.1,ラサ工業
4023,2021/03,256923000000.0,185521000000.0,183830000000.0,154166000000.0,7841000000.0,19014000000.0,9418.6,71.6,26704000000.0,-3876000000.0,-12516000000.0,,17834000000.0,18.47,144575000000.0,17263000000.0,,13493000000.0,691.31,7.34,5.25,170.0,3318000000.0,3000000.0,24.59,24.61,1.9,クレハ
4025,2020/12,42939000000.0,27079000000.0,25109000000.0,22361000000.0,373000000.0,515000000.0,3114.64,62.7,3024000000.0,-1009000000.0,-561000000.0,,6426000000.0,10.02,30175000000.0,1759000000.0,2166000000.0,1559000000.0,180.33,5.79,3.63,45.0,346000000.0,1000000.0,22.19,22.26,1.5,多木化学
4027,2021/03,69177000000.0,50230000000.0,43714000000.0,29551000000.0,2415000000.0,4038000000.0,2152.55,72.1,4953000000.0,-4905000000.0,2519000000.0,-4857000000.0,13250000000.0,12.9,38402000000.0,2927000000.0,2740000000.0,1927000000.0,83.15,3.86,2.79,36.0,927000000.0,,48.11,48.11,1.7,テイカ
4028,2021/03,180021000000.0,79515000000.0,81189000000.0,27872000000.0,16423000000.0,33130000000.0,1990.03,44.2,4749000000.0,-6162000000.0,6358000000.0,,25941000000.0,4.67,101774000000.0,5173000000.0,5944000000.0,3373000000.0,84.41,4.24,1.87,18.0,799000000.0,3000000.0,23.69,23.78,0.9,石原産業
4031,2021/03,40528000000.0,22303000000.0,22321000000.0,9625000000.0,6575000000.0,200000000.0,2487.25,54.9,2648000000.0,-1939000000.0,-1290000000.0,-1717000000.0,2754000000.0,7.47,35444000000.0,1242000000.0,1260000000.0,829000000.0,91.39,3.73,2.05,50.0,479000000.0,733000000.0,57.78,146.2,2.1,片倉コープアグリ
4041,2021/03,227975000000.0,149203000000.0,140334000000.0,89364000000.0,16172000000.0,21535000000.0,5165.06,63.9,13821000000.0,-13770000000.0,1722000000.0,-12713000000.0,19253000000.0,9.92,139363000000.0,9980000000.0,12743000000.0,7360000000.0,255.14,5.05,3.23,110.0,2645000000.0,4837000000.0,35.94,101.66,2.2,日本曹達
4042,2021/03,982776000000.0,661679000000.0,603504000000.0,513338000000.0,99840000000.0,26685000000.0,1934.86,62.6,95106000000.0,-46352000000.0,1585000000.0,,148397000000.0,12.98,732850000000.0,87819000000.0,95138000000.0,63276000000.0,197.89,10.28,6.44,60.0,18005000000.0,10012000000.0,28.45,44.28,3.3,東ソー
4043,2021/03,386794000000.0,205261000000.0,190438000000.0,157332000000.0,1850000000.0,82812000000.0,2758.36,51.3,43314000000.0,-19276000000.0,-22530000000.0,-23800000000.0,83050000000.0,14.32,302407000000.0,30921000000.0,30796000000.0,24534000000.0,351.1,12.36,6.34,70.0,4868000000.0,42000000.0,19.84,20.01,2.7,トクヤマ
4044,2021/03,284906000000.0,169083000000.0,151082000000.0,131205000000.0,8419000000.0,23884000000.0,4091.39,58.1,17918000000.0,-3737000000.0,-13121000000.0,-7479000000.0,26081000000.0,9.4,190673000000.0,4064000000.0,4749000000.0,1230000000.0,30.39,0.74,0.43,75.0,3035000000.0,2000000.0,246.75,246.91,1.9,セントラル硝子
4045,2020/12,241832000000.0,197642000000.0,183619000000.0,147893000000.0,6903000000.0,4473000000.0,1505.68,79.8,20671000000.0,-11362000000.0,-8491000000.0,-14478000000.0,43800000000.0,15.5,133392000000.0,12336000000.0,13054000000.0,8142000000.0,62.43,4.22,3.37,30.0,3934000000.0,3886000000.0,48.32,96.05,2.0,東亞合成
4046,2021/03,119373000000.0,77232000000.0,68977000000.0,46387000000.0,7172000000.0,,3310.53,64.7,9347000000.0,-1850000000.0,-4464000000.0,-1830000000.0,31936000000.0,9.61,97266000000.0,8341000000.0,8838000000.0,6050000000.0,257.33,7.83,5.07,65.0,1533000000.0,1000000000.0,25.34,41.87,2.1,大阪ソーダ
4047,2021/03,92324000000.0,52423000000.0,48221000000.0,43584000000.0,4390000000.0,17049000000.0,887.42,55.2,11984000000.0,-9872000000.0,4350000000.0,-9604000000.0,23339000000.0,23.08,51927000000.0,5668000000.0,5582000000.0,3605000000.0,62.72,7.07,3.9,14.0,805000000.0,57000000.0,22.33,23.91,1.7,関東電化工業
4061,2021/03,526035000000.0,270036000000.0,247596000000.0,168878000000.0,41867000000.0,41319000000.0,3101.91,50.8,40610000000.0,-36976000000.0,-6706000000.0,-37494000000.0,25909000000.0,11.46,354391000000.0,34729000000.0,32143000000.0,22785000000.0,264.23,8.52,4.33,125.0,10785000000.0,84000000.0,47.33,47.7,4.2,デンカ
4063,2021/03,3380615000000.0,2886625000000.0,2851842000000.0,2616081000000.0,11768000000.0,15986000000.0,6769.72,83.2,401176000000.0,-250719000000.0,-91123000000.0,-237372000000.0,801596000000.0,26.8,1496906000000.0,392213000000.0,405101000000.0,293732000000.0,706.76,10.44,8.69,250.0,91420000000.0,10657000000.0,31.12,34.75,3.8,信越化学工業
4064,2021/03,63906000000.0,28500000000.0,21047000000.0,10873000000.0,10968000000.0,7226000000.0,3066.84,42.2,3790000000.0,-1047000000.0,1034000000.0,-2654000000.0,12402000000.0,8.97,42231000000.0,2388000000.0,2852000000.0,2406000000.0,282.98,8.93,3.76,40.0,328000000.0,,13.63,,1.3,日本カーバイド工業
4078,2021/03,123007000000.0,79264000000.0,73236000000.0,35431000000.0,8651000000.0,11787000000.0,4502.25,61.6,7826000000.0,-7422000000.0,1667000000.0,-9567000000.0,11153000000.0,9.22,84918000000.0,4304000000.0,4012000000.0,-2803000000.0,-166.54,,,15.0,588000000.0,,,,0.3,堺化学工業
4080,2021/03,33894696000.0,12622520000.0,12603834000.0,-3211994000.0,,12300000000.0,388.0,37.2,-90142000.0,-7768354000.0,8687155000.0,-7845801000.0,2529752000.0,-0.4,22754316000.0,-20687000.0,-30590000.0,-414364000.0,-12.74,,,,,29000.0,,,,田中化学研究所
4082,2021/03,56256845000.0,30784018000.0,29679412000.0,27801120000.0,1500000000.0,16760093000.0,1244.13,53.7,5658807000.0,-6448959000.0,2485678000.0,-7015502000.0,10561167000.0,24.11,23465922000.0,2015782000.0,2131584000.0,1235393000.0,50.91,4.09,2.2,18.0,436675000.0,41000.0,35.35,35.35,1.5,第一稀元素化学工業
4088,2021/03,926821000000.0,372389000000.0,357797000000.0,244794000000.0,56636000000.0,250876000000.0,1584.86,38.6,76601000000.0,-52699000000.0,-20889000000.0,-50316000000.0,45983000000.0,9.5,806630000000.0,51231000000.0,,27367000000.0,120.97,7.65,2.95,44.0,10463000000.0,7834000000.0,38.23,66.86,2.9,エア・ウォーター
4091,2021/03,1836294000000.0,543900000000.0,513164000000.0,422838000000.0,131721000000.0,780895000000.0,1185.82,27.9,149231000000.0,-59686000000.0,-103159000000.0,-60075000000.0,91058000000.0,18.24,818238000000.0,88846000000.0,,55214000000.0,127.59,10.76,3.01,30.0,12121000000.0,5000000.0,21.95,21.96,2.8,日本酸素ホールディングス
4092,2021/03,70196000000.0,39075000000.0,35365000000.0,27693000000.0,8300000000.0,7283000000.0,4442.39,55.7,5216000000.0,-3539000000.0,-1024000000.0,-4274000000.0,9962000000.0,15.06,34642000000.0,2783000000.0,2315000000.0,2182000000.0,248.07,5.58,3.11,70.0,615000000.0,,28.19,,1.6,日本化学工業
4093,2021/03,29527958000.0,16920229000.0,15179825000.0,11886183000.0,3200000000.0,221680000.0,2198.47,51.6,1210542000.0,-568922000.0,-509297000.0,-587273000.0,7862804000.0,4.06,29826010000.0,1189444000.0,1290548000.0,738162000.0,105.73,4.84,2.5,45.0,314939000.0,87087000.0,42.67,54.46,2.1,東邦アセチレン
4094,2021/03,46342000000.0,39540774000.0,36055471000.0,34353936000.0,376000000.0,,1972.11,85.3,3492656000.0,-749236000.0,-595778000.0,-756533000.0,15969731000.0,17.78,19642000000.0,2388292000.0,2601000000.0,1843000000.0,91.92,4.66,3.98,28.0,582424000.0,55360000.0,31.6,34.61,1.5,日本化学産業
4095,2021/03,220210000000.0,176667000000.0,142025000000.0,144750000000.0,,560000000.0,1288.0,68.8,16212000000.0,-7263000000.0,-8106000000.0,-4908000000.0,57108000000.0,16.23,99918000000.0,10681000000.0,14197000000.0,9999000000.0,84.75,6.6,4.54,26.0,2959000000.0,1381000000.0,29.59,43.4,2.1,日本パーカライジング
4097,2021/03,92410126000.0,63412166000.0,58268996000.0,52772452000.0,1325000000.0,3144512000.0,1137.77,67.9,4961437000.0,-3575378000.0,-988087000.0,-4011733000.0,21156211000.0,6.48,76553967000.0,4189830000.0,4771865000.0,3519194000.0,63.75,5.6,3.81,16.0,883270000.0,109000.0,25.1,25.1,1.4,高圧ガス工業
4098,2021/03,15704000000.0,6442000000.0,5866000000.0,2053000000.0,2650000000.0,1171000000.0,2012.31,38.6,-149000000.0,-770000000.0,597000000.0,-731000000.0,576000000.0,-2.37,6284000000.0,-64000000.0,-150000000.0,-178000000.0,-59.14,,,10.0,90000000.0,,,,0.5,チタン工業
4099,2021/03,107344000000.0,76566000000.0,69512000000.0,57140000000.0,2530000000.0,10957000000.0,1360.23,70.5,7411000000.0,-2999000000.0,89000000.0,-3618000000.0,37207000000.0,14.94,49590000000.0,7401000000.0,7997000000.0,5760000000.0,103.26,7.61,5.37,24.0,1354000000.0,1605000000.0,23.51,51.37,1.8,四国化成工業
4100,2021/03,41783000000.0,9375000000.0,7083000000.0,-3224000000.0,9372000000.0,10070000000.0,1411.51,19.5,612000000.0,-1219000000.0,1416000000.0,-1025000000.0,6492000000.0,2.11,29024000000.0,11000000.0,-600000000.0,-4142000000.0,-718.64,,,,,1000000.0,,,,戸田工業
4102,2021/03,16596000000.0,9808814000.0,6783112000.0,5645987000.0,425371000.0,1427830000.0,4232.12,56.5,1075000000.0,-431000000.0,-306000000.0,-366247000.0,3035229000.0,9.91,10844000000.0,151834000.0,306000000.0,179000000.0,79.69,1.91,1.08,30.0,67640000.0,78837000.0,37.79,81.83,0.8,丸尾カルシウム
4107,2020/12,31069000000.0,25680000000.0,25916000000.0,18505000000.0,600000000.0,,5036.52,82.7,2384000000.0,-2610000000.0,-424000000.0,-2609000000.0,9722000000.0,14.14,16859000000.0,2185000000.0,2137000000.0,1343000000.0,263.37,5.23,4.32,90.0,407000000.0,1000000.0,30.31,30.38,1.8,伊勢化学工業
4109,2021/03,52933000000.0,36758000000.0,36065000000.0,24719000000.0,1920000000.0,4751000000.0,2826.7,68.4,7352000000.0,-2464000000.0,-3004000000.0,-2430000000.0,15245000000.0,22.35,32893000000.0,4081000000.0,4020000000.0,2959000000.0,230.68,8.17,5.59,47.0,584000000.0,267000000.0,19.74,28.76,1.7,ステラ　ケミファ
4112,2021/03,62609000000.0,43654000000.0,32362000000.0,14119000000.0,4455000000.0,2970000000.0,4885.6,61.8,5380000000.0,-2689000000.0,-424000000.0,,9331000000.0,13.06,41199000000.0,5444000000.0,5841000000.0,3119000000.0,394.16,8.06,4.98,50.0,395000000.0,6000000.0,12.66,12.86,1.0,保土谷化学工業
4113,2021/03,27958460000.0,15237893000.0,15141294000.0,12600052000.0,,200000000.0,1063.44,54.5,5218856000.0,-2094972000.0,-680449000.0,-2058631000.0,4330354000.0,16.28,32057443000.0,4015522000.0,4062590000.0,2615407000.0,182.52,17.16,9.35,32.0,372579000.0,4991000.0,14.25,14.44,3.3,田岡化学工業
4114,2021/03,471617000000.0,323725000000.0,317373000000.0,267729000000.0,23981000000.0,28887000000.0,7959.06,67.3,35277000000.0,-30623000000.0,-12750000000.0,-29658000000.0,36341000000.0,12.91,273163000000.0,-15921000000.0,,-10899000000.0,-273.32,,,90.0,5383000000.0,6000000.0,,,1.1,日本触媒
4115,2021/03,31271000000.0,23378000000.0,21334000000.0,18835000000.0,1000000000.0,,1865.07,68.5,3779000000.0,-1551000000.0,-998000000.0,-1544000000.0,9796000000.0,18.45,20478000000.0,3468000000.0,3415000000.0,2063000000.0,179.75,9.64,6.6,12.0,367000000.0,,17.79,,0.7,本州化学工業
4116,2021/03,197717000000.0,103660000000.0,95875000000.0,76392000000.0,12610000000.0,20783000000.0,5516.0,51.5,11522000000.0,-3769000000.0,-358000000.0,-7260000000.0,34438000000.0,8.32,138491000000.0,4920000000.0,5613000000.0,6343000000.0,341.94,6.22,3.21,45.0,928000000.0,220000000.0,14.63,18.1,0.9,大日精化工業
4118,2021/03,667429000000.0,381040000000.0,342159000000.0,289544000000.0,84181000000.0,25161000000.0,5473.84,53.5,74040000000.0,-43229000000.0,-21903000000.0,-42396000000.0,46360000000.0,12.82,577426000000.0,27544000000.0,22066000000.0,15831000000.0,242.68,4.43,2.37,100.0,6523000000.0,3000000.0,41.2,41.22,1.9,カネカ
4119,2021/03,32341265000.0,13793530000.0,12033240000.0,9536380000.0,3432967000.0,6502839000.0,8231.37,40.0,1761667000.0,-721521000.0,2342975000.0,-889799000.0,5411110000.0,5.85,30117012000.0,264064000.0,307271000.0,-116830000.0,-74.42,,,50.0,125596000.0,39000.0,,,0.6,日本ピグメント
4120,2021/03,11599183000.0,6007868000.0,5395582000.0,874379000.0,1400000000.0,1011829000.0,4386.56,51.8,245248000.0,-634301000.0,599006000.0,-634192000.0,791074000.0,4.08,6008081000.0,500291000.0,532516000.0,317903000.0,232.1,5.29,2.74,30.0,41090000.0,107000.0,12.93,12.96,0.7,スガイ化学工業
4124,2021/09,2024000000.0,1743000000.0,1743807000.0,1111199000.0,,,1650.72,86.1,174000000.0,-316000000.0,-26000000.0,-228248000.0,715460000.0,14.31,1216000000.0,117000000.0,126000000.0,80000000.0,75.87,4.59,3.95,25.0,26279000.0,,32.85,32.85,1.5,大阪油化工業
4182,2021/03,836364000000.0,581411000000.0,514499000000.0,459790000000.0,40087000000.0,36202000000.0,2520.34,62.7,55464000000.0,-40370000000.0,5154000000.0,,91075000000.0,9.31,595718000000.0,44510000000.0,50240000000.0,36070000000.0,173.41,6.88,4.31,70.0,14559000000.0,4000000.0,40.36,40.37,2.9,三菱瓦斯化学
4183,2021/03,1558125000000.0,682157000000.0,607921000000.0,424084000000.0,216721000000.0,293495000000.0,3102.52,39.0,174323000000.0,-77555000000.0,-68956000000.0,-74904000000.0,195987000000.0,14.39,1211725000000.0,78074000000.0,75444000000.0,57873000000.0,298.0,9.52,3.71,100.0,19349000000.0,691000000.0,33.43,34.63,3.4,三井化学
4185,2021/03,672773000000.0,370736000000.0,333995000000.0,302916000000.0,37872000000.0,81406000000.0,1554.17,49.6,70403000000.0,-52687000000.0,4297000000.0,-55205000000.0,85377000000.0,22.57,312000000000.0,-61633000000.0,,-55155000000.0,-256.73,,,60.0,12887000000.0,3000000.0,,,3.5,ＪＳＲ
4186,2020/12,201185000000.0,159994000000.0,141166000000.0,125795000000.0,,10962000000.0,3651.17,75.3,22953000000.0,-3481000000.0,-5937000000.0,-6008000000.0,42728000000.0,19.52,117585000000.0,15589000000.0,16129000000.0,9926000000.0,239.41,6.55,4.93,154.0,5007000000.0,2000000.0,50.44,50.46,4.3,東京応化工業
4187,2020/11,45324390000.0,35025273000.0,32742680000.0,26068688000.0,,2029377000.0,1564.57,76.5,4799411000.0,-3976568000.0,-648195000.0,-4389698000.0,6511760000.0,16.73,28681191000.0,4442353000.0,4612524000.0,3313545000.0,149.59,9.56,7.31,46.0,996749000.0,295000.0,30.08,30.09,3.0,大阪有機化学工業
4188,2021/03,5287228000000.0,1571148000000.0,1236339000000.0,1060069000000.0,653475000000.0,1696029000000.0,870.4,23.4,467133000000.0,-217010000000.0,-142773000000.0,-246410000000.0,349577000000.0,14.34,3257535000000.0,47518000000.0,,-7557000000.0,-5.32,,,24.0,34091000000.0,20000000.0,,,2.8,三菱ケミカルホールディングス
4189,2020/12,95508000000.0,45884000000.0,42305000000.0,27379000000.0,10550000000.0,3250000000.0,1168.58,45.4,6931000000.0,-11182000000.0,-4530000000.0,-11132000000.0,9066000000.0,8.96,77332000000.0,5642000000.0,5627000000.0,4046000000.0,109.12,9.33,4.24,60.0,2224000000.0,38000000.0,54.97,55.91,5.3,ＫＨネオケム
4202,2021/03,640385000000.0,245000000000.0,187645000000.0,152816000000.0,7024000000.0,115568000000.0,789.33,37.1,57869000000.0,-34220000000.0,-17050000000.0,-36789000000.0,90747000000.0,14.7,393568000000.0,31723000000.0,34683000000.0,19713000000.0,65.18,8.29,3.08,32.0,10415000000.0,8286000000.0,52.83,94.87,3.3,ダイセル
4203,2021/03,345763000000.0,202141000000.0,200205000000.0,124052000000.0,46358000000.0,25507000000.0,4254.48,57.9,27405000000.0,-14993000000.0,21768000000.0,-8956000000.0,103175000000.0,13.11,209002000000.0,19914000000.0,,13198000000.0,280.46,6.59,3.82,75.0,2824000000.0,5000000.0,21.4,21.44,1.9,住友ベークライト
4204,2021/03,1150143000000.0,694392000000.0,606696000000.0,441087000000.0,7278000000.0,71207000000.0,1485.89,58.0,75271000000.0,-58495000000.0,-19157000000.0,-62067000000.0,76649000000.0,7.12,1056560000000.0,67300000000.0,62649000000.0,41544000000.0,91.92,6.23,3.61,47.0,20953000000.0,12202000000.0,50.44,79.81,3.3,積水化学工業
4205,2021/03,448821000000.0,298246000000.0,270644000000.0,244301000000.0,8960000000.0,,1349.88,65.8,56080000000.0,-30239000000.0,-8259000000.0,-24033000000.0,48152000000.0,18.57,301961000000.0,33408000000.0,38668000000.0,27716000000.0,126.74,9.39,6.18,22.0,4592000000.0,1000000.0,16.57,16.57,1.7,日本ゼオン
4206,2021/03,207363000000.0,150505000000.0,131724000000.0,110563000000.0,6015000000.0,1255000000.0,2064.21,65.0,19713000000.0,-9756000000.0,-9179000000.0,-6866000000.0,41185000000.0,11.29,174628000000.0,17991000000.0,18438000000.0,10759000000.0,164.78,7.98,5.19,107.0,6921000000.0,2000000.0,64.33,64.35,5.3,アイカ工業
4208,2021/03,769710000000.0,380635000000.0,346520000000.0,259806000000.0,38031000000.0,101245000000.0,3549.52,46.6,66054000000.0,-39433000000.0,10852000000.0,,79646000000.0,10.76,613889000000.0,25902000000.0,23293000000.0,22936000000.0,226.79,6.39,2.98,90.0,9110000000.0,5000000.0,39.72,39.74,2.6,宇部興産
4212,2021/03,138555000000.0,108711000000.0,101715000000.0,81263000000.0,1000000000.0,,2494.49,77.4,9286000000.0,-538000000.0,-3377000000.0,-741000000.0,47286000000.0,14.34,64735000000.0,10669000000.0,11259000000.0,7546000000.0,174.12,7.04,5.45,56.0,2215000000.0,804000000.0,29.35,40.01,2.3,積水樹脂
4215,2021/03,142743000000.0,87367000000.0,84840000000.0,38757000000.0,4034000000.0,404000000.0,880.26,60.0,4365000000.0,-2191000000.0,-4292000000.0,-5244000000.0,6712000000.0,3.25,134470000000.0,8511000000.0,8807000000.0,5332000000.0,54.77,6.22,3.74,22.0,3314000000.0,,62.15,62.15,2.5,タキロンシーアイ
4216,2021/03,67732000000.0,47108000000.0,45324000000.0,32927000000.0,3588000000.0,216000000.0,2436.65,68.9,3420000000.0,-2069000000.0,-1146000000.0,-2237000000.0,10398000000.0,6.39,53551000000.0,3404000000.0,3648000000.0,2789000000.0,145.69,5.98,4.12,50.0,962000000.0,1000000.0,34.49,34.53,2.1,旭有機材
4218,2021/03,61214000000.0,38078000000.0,36824000000.0,27201000000.0,,2000000000.0,1837.59,62.2,5911000000.0,-3067000000.0,-772000000.0,-2497000000.0,13344000000.0,14.23,41528000000.0,2000000000.0,2070000000.0,1350000000.0,65.15,3.55,2.21,30.0,683000000.0,,50.59,50.59,1.6,ニチバン
4220,2021/03,95208860000.0,61076854000.0,50156082000.0,35561518000.0,6976725000.0,2819082000.0,852.51,56.4,9387855000.0,-3002966000.0,-2796299000.0,-3597832000.0,21080770000.0,10.64,88224442000.0,5313663000.0,5652088000.0,3234206000.0,51.22,6.02,3.4,16.0,757012000.0,236807000.0,23.41,30.73,1.9,リケンテクノス
4221,2020/12,82651000000.0,49094000000.0,46276000000.0,29439000000.0,3321000000.0,1348000000.0,4115.79,59.4,9298000000.0,-4356000000.0,-3341000000.0,-4403000000.0,9179000000.0,11.48,80958000000.0,4286000000.0,4509000000.0,2865000000.0,240.33,5.84,3.47,60.0,655000000.0,1000000.0,22.86,22.9,1.5,大倉工業
4222,2021/03,13236686000.0,3936513000.0,3137283000.0,841416000.0,4540202000.0,723617000.0,414.17,24.4,627637000.0,-387521000.0,917109000.0,-414964000.0,1953287000.0,4.56,13768204000.0,508802000.0,351981000.0,350073000.0,53.09,10.85,2.64,,,220000.0,,0.06,,児玉化学工業
4224,2021/03,23904000000.0,17210000000.0,16898000000.0,7796000000.0,1180000000.0,,3733.76,72.0,1661000000.0,-1673000000.0,-378000000.0,-1642000000.0,6999000000.0,9.68,17167000000.0,1140000000.0,1281000000.0,872000000.0,189.18,5.07,3.65,60.0,368000000.0,,42.2,42.2,1.6,ロンシール工業
4228,2021/03,158439000000.0,70657000000.0,55077000000.0,23523000000.0,9185000000.0,20900000000.0,1549.81,44.2,6428000000.0,-3007000000.0,-632000000.0,-3987000000.0,12498000000.0,5.41,118851000000.0,2091000000.0,1956000000.0,1126000000.0,24.86,1.61,0.71,21.0,951000000.0,141000000.0,84.46,96.98,1.4,積水化成品工業
4229,2021/03,51984000000.0,43750000000.0,40461000000.0,15997000000.0,,,6366.91,81.2,3567000000.0,-806000000.0,-1310000000.0,-1277000000.0,8825000000.0,14.16,25194000000.0,2217000000.0,2451000000.0,1607000000.0,242.02,3.81,3.09,80.0,532000000.0,,33.11,,1.3,群栄化学工業
4231,2021/03,43875467000.0,31573854000.0,30002068000.0,22009747000.0,657940000.0,2100000000.0,1507.27,68.7,2838988000.0,-2816277000.0,539322000.0,,8769349000.0,7.76,36589964000.0,1152176000.0,1459280000.0,769472000.0,38.46,2.55,1.75,10.0,110031000.0,84000.0,14.3,14.31,0.7,タイガースポリマー
4234,2021/03,35988642000.0,19859010000.0,16887424000.0,12690709000.0,3470000000.0,1393256000.0,1708.83,52.1,2040653000.0,-584345000.0,-678015000.0,-468352000.0,6927339000.0,6.81,29986222000.0,613283000.0,906722000.0,1101024000.0,100.32,5.87,3.06,18.0,197543000.0,,17.94,17.94,1.1,サンエー化研
4235,2020/12,27613000000.0,9581000000.0,9581000000.0,6744000000.0,,,1468.45,34.7,1751000000.0,-141000000.0,31000000.0,-84000000.0,3049000000.0,17.51,10000000000.0,406000000.0,,35000000.0,5.41,0.37,0.13,20.0,219000000.0,,625.71,625.71,1.8,ウルトラファブリックス・ホールディングス
4237,2021/03,14681260000.0,8723034000.0,8583587000.0,5006688000.0,2130000000.0,1111492000.0,300.96,58.6,356687000.0,-458626000.0,-332981000.0,-286278000.0,3063163000.0,2.83,12585426000.0,309109000.0,346246000.0,207005000.0,7.24,2.41,1.41,6.0,171449000.0,21000.0,82.82,82.83,2.0,フジプレアム
4238,2021/01,22671342000.0,19025208000.0,18867526000.0,18192373000.0,,,2113.78,83.9,1334441000.0,2940082000.0,-1417898000.0,,11151773000.0,13.71,9733374000.0,868856000.0,954097000.0,1009179000.0,112.17,5.3,4.45,30.0,269767000.0,,26.73,26.73,1.4,ミライアル
4240,2021/03,1471496000.0,1319436000.0,1319436000.0,72914000.0,,,231.78,89.7,106067000.0,-14181000.0,-1583000.0,-14180000.0,241054000.0,13.89,763734000.0,34544000.0,37396000.0,31682000.0,5.57,2.4,2.15,,,19000.0,,0.06,,クラスターテクノロジー
4241,2021/03,5743788000.0,1720976000.0,1750010000.0,218654000.0,,2336622000.0,388.04,29.7,457241000.0,-407772000.0,196499000.0,-419416000.0,771508000.0,16.01,2855563000.0,162148000.0,189259000.0,75191000.0,17.09,4.4,1.31,5.0,13201000.0,81000.0,17.56,17.66,1.3,アテクト
4242,2021/03,35234000000.0,10967000000.0,8295000000.0,4390000000.0,2446000000.0,4985000000.0,2798.76,21.8,2599000000.0,-1027000000.0,-2012000000.0,,3872000000.0,7.0,37144000000.0,950000000.0,727000000.0,-654000000.0,-239.11,,,,27000000.0,,,,,タカギセイコー
4243,2021/09,5732000000.0,3701000000.0,3650941000.0,2794865000.0,21336000.0,132400000.0,1593.43,64.6,280000000.0,-113000000.0,49000000.0,-141952000.0,1727336000.0,6.88,4068000000.0,188000000.0,228000000.0,197000000.0,84.81,5.32,3.44,15.0,11613000.0,,5.89,5.89,1.0,ニックス
4245,2020/12,27778515000.0,7634275000.0,7800616000.0,4033999000.0,9192963000.0,404598000.0,615.03,27.5,2222499000.0,-1047496000.0,-424376000.0,-771724000.0,7856415000.0,6.41,34647937000.0,1045032000.0,1211113000.0,477031000.0,39.59,6.25,1.72,24.0,297806000.0,,62.43,62.43,4.0,ダイキアクシス
4246,2021/03,159295000000.0,79889000000.0,75461000000.0,63542000000.0,1694000000.0,29241000000.0,1089.4,48.5,16788000000.0,-17567000000.0,8565000000.0,-16732000000.0,32967000000.0,11.17,150234000000.0,4456000000.0,5386000000.0,2536000000.0,35.75,3.28,1.59,30.0,1985000000.0,,78.27,78.27,2.8,ダイキョーニシカワ
4248,2020/12,17712394000.0,9469422000.0,9409024000.0,7575858000.0,,3559707000.0,751.79,53.2,2916601000.0,-466399000.0,-227726000.0,-614811000.0,5504513000.0,19.62,14863393000.0,1778479000.0,1789097000.0,490637000.0,39.16,5.21,2.77,19.0,238039000.0,,48.52,48.52,2.6,竹本容器
4249,2021/03,132887000000.0,70136000000.0,59824000000.0,53638000000.0,17298000000.0,4638000000.0,4152.52,51.8,9693000000.0,-5260000000.0,1633000000.0,-7467000000.0,17933000000.0,6.24,155460000000.0,5672000000.0,5595000000.0,375000000.0,22.63,0.54,0.28,50.0,1043000000.0,,278.13,,1.2,森六ホールディングス
4251,2020/12,17655074000.0,7213776000.0,7043317000.0,3873336000.0,,3901534000.0,819.72,40.9,1224969000.0,-1679202000.0,1593047000.0,-1670738000.0,3832806000.0,8.31,14735937000.0,1102560000.0,996406000.0,740819000.0,93.41,10.27,4.2,13.5,100326000.0,379000.0,13.54,13.59,1.8,恵和
4272,2021/03,294535000000.0,228273000000.0,214420000000.0,191606000000.0,3632000000.0,3770000000.0,1332.05,77.2,24408000000.0,-17606000000.0,-8402000000.0,-13187000000.0,47483000000.0,14.08,173381000000.0,15194000000.0,16538000000.0,12574000000.0,73.62,5.53,4.27,30.0,5123000000.0,,40.74,40.74,2.3,日本化薬
4274,2021/03,4108308000.0,2726644000.0,2461532000.0,2256501000.0,511004000.0,258561000.0,681.23,66.4,23296000.0,-51519000.0,-37660000.0,-52466000.0,818191000.0,1.5,1557656000.0,198030000.0,201068000.0,143314000.0,35.81,5.26,3.49,7.0,24015000.0,,16.76,16.76,1.1,細谷火工
4275,2021/03,50953000000.0,28977000000.0,24597000000.0,21460000000.0,3107000000.0,1765000000.0,1218.67,56.9,4193000000.0,-1135000000.0,-2187000000.0,,5496000000.0,9.21,45537000000.0,1574000000.0,1770000000.0,1231000000.0,51.82,4.25,2.42,12.0,287000000.0,,23.31,23.31,1.0,カーリットホールディングス
4361,2020/11,7189263000.0,1972480000.0,1944413000.0,1283724000.0,1960000000.0,1153335000.0,1619.73,27.4,654226000.0,-392094000.0,222497000.0,-357489000.0,882857000.0,9.87,6628207000.0,80880000.0,82914000.0,59346000.0,48.73,3.01,0.83,30.0,36533000.0,3000.0,61.56,61.56,1.9,川口化学工業
4362,2021/03,53265000000.0,42846750000.0,35069997000.0,23358507000.0,,,1773.54,79.1,4698000000.0,-2418000000.0,-874000000.0,-2743711000.0,13187098000.0,15.4,30509000000.0,3939891000.0,4154000000.0,2758000000.0,116.14,6.55,5.18,35.0,807397000.0,303000.0,29.27,29.29,2.1,日本精化
4364,2021/03,13056069000.0,9765509000.0,9496758000.0,6289806000.0,329217000.0,1400000.0,1243.95,74.8,1034234000.0,476862000.0,-535515000.0,-716805000.0,1946717000.0,10.86,9522883000.0,652309000.0,712229000.0,549227000.0,69.15,5.62,4.21,15.0,99939000.0,340138000.0,18.2,80.13,1.2,マナック
4365,2021/03,68650000000.0,58343000000.0,56814000000.0,51529000000.0,,,17985.88,84.8,5043000000.0,-764000000.0,-987000000.0,-816000000.0,40681000000.0,17.03,29605000000.0,3945000000.0,4809000000.0,3433000000.0,1060.9,5.9,5.0,300.0,970000000.0,1000000.0,28.26,28.28,1.7,松本油脂製薬
4366,2021/03,18825000000.0,12758000000.0,11868000000.0,4795000000.0,1000000000.0,970000000.0,1188.29,67.8,2526000000.0,-376000000.0,-281000000.0,-388000000.0,3254000000.0,18.05,13998000000.0,1443000000.0,1231000000.0,1092000000.0,101.72,8.56,5.8,12.0,107000000.0,,9.8,9.8,1.1,ダイトーケミックス
4367,2021/03,32058344000.0,22066951000.0,21402469000.0,17522376000.0,850000000.0,2000000000.0,4511.57,68.8,1922245000.0,-3908171000.0,1558746000.0,-4901472000.0,260942000.0,10.93,17589569000.0,1484443000.0,1678308000.0,1851383000.0,378.51,8.39,5.78,100.0,440211000.0,164000.0,23.78,23.79,2.3,広栄化学
4368,2021/03,76032427000.0,66169588000.0,64271272000.0,55121274000.0,,,1863.74,87.0,12820551000.0,-2620018000.0,-1639065000.0,-2214166000.0,24835971000.0,30.37,42209380000.0,9632212000.0,9746449000.0,6808079000.0,191.76,10.29,8.95,48.0,1633166000.0,76000.0,23.99,23.99,2.7,扶桑化学工業
4369,2021/01,19867759000.0,12601389000.0,12579843000.0,11062738000.0,580000000.0,3160646000.0,403.28,63.4,2090384000.0,-2963827000.0,948342000.0,-2962626000.0,1698612000.0,21.33,9801982000.0,2691380000.0,4323329000.0,3377281000.0,108.08,26.8,17.0,17.0,453084000.0,569000.0,13.42,13.43,4.8,トリケミカル研究所
4401,2021/03,437657000000.0,271485000000.0,212097000000.0,169469000000.0,22599000000.0,12331000000.0,2208.39,52.1,36872000000.0,-14189000000.0,-6551000000.0,-14452000000.0,82121000000.0,11.27,327080000000.0,28979000000.0,29270000000.0,16419000000.0,159.01,7.2,3.75,48.0,4976000000.0,18000000.0,30.31,30.42,2.3,ＡＤＥＫＡ
4403,2021/03,271536000000.0,203516000000.0,179666000000.0,154793000000.0,1570000000.0,3053000000.0,2448.59,74.7,30726000000.0,1894000000.0,-8042000000.0,,76596000000.0,17.8,172645000000.0,26602000000.0,28870000000.0,23302000000.0,280.48,11.49,8.58,80.0,6486000000.0,1655000000.0,27.83,34.94,3.5,日油
4406,2021/03,35886000000.0,16216000000.0,13463000000.0,3727000000.0,2786000000.0,4309000000.0,407.83,42.4,1253000000.0,-1707000000.0,519000000.0,-1933000000.0,2988000000.0,5.13,24437000000.0,287000000.0,706000000.0,501000000.0,13.44,3.29,1.4,3.0,111000000.0,,22.16,,0.8,新日本理化
4409,2021/03,58416000000.0,15121000000.0,12886000000.0,10240000000.0,7104000000.0,12104000000.0,705.32,25.8,2464000000.0,-3306000000.0,1120000000.0,-3303000000.0,9089000000.0,6.06,40649000000.0,1386000000.0,1425000000.0,1005000000.0,47.12,6.68,1.72,15.0,319000000.0,,31.74,31.74,2.2,東邦化学工業
4410,2021/03,69390102000.0,37441832000.0,37117515000.0,18337490000.0,8626287000.0,7727199000.0,1375.27,49.8,3007839000.0,-1858464000.0,-1564538000.0,-2295104000.0,3421540000.0,4.79,62850813000.0,1576854000.0,1093597000.0,1091383000.0,43.44,3.16,1.57,38.0,954554000.0,99000.0,87.46,87.47,2.7,ハリマ化成グループ
4452,2020/12,1665616000000.0,938194000000.0,923687000000.0,778886000000.0,30465000000.0,97229000000.0,1920.56,55.5,214718000000.0,-61941000000.0,-87065000000.0,-59396000000.0,353176000000.0,15.54,1381997000000.0,175563000000.0,,126142000000.0,262.29,13.66,7.57,140.0,64987000000.0,27000000.0,51.52,51.54,7.6,花王
4461,2021/03,85033000000.0,37404000000.0,33856000000.0,18733000000.0,6698000000.0,15831000000.0,3405.14,40.7,4955000000.0,-3804000000.0,255000000.0,-4398000000.0,11531000000.0,8.38,59140000000.0,4485000000.0,4314000000.0,2563000000.0,251.93,7.4,3.01,70.0,712000000.0,,27.78,27.78,2.1,第一工業製薬
4462,2021/03,24940932000.0,20526124000.0,19523334000.0,15481102000.0,,,1277.56,82.3,2410436000.0,-1463666000.0,-355797000.0,-574775000.0,4145909000.0,14.21,16967382000.0,1705613000.0,1853013000.0,1504766000.0,93.66,7.33,6.03,21.5,321333000.0,,21.35,21.35,1.7,石原ケミカル
4463,2020/12,53175000000.0,23166000000.0,21271000000.0,16909000000.0,8033000000.0,8267000000.0,1335.64,39.5,6479000000.0,-1549000000.0,-3626000000.0,-1334000000.0,7190000000.0,15.73,41179000000.0,1416000000.0,1645000000.0,1044000000.0,66.37,4.97,1.96,10.0,193000000.0,,18.49,18.49,0.8,日華化学
4464,2021/03,57286291000.0,49874560000.0,49479548000.0,44240895000.0,,,2282.97,87.1,3215485000.0,-1698149000.0,-650749000.0,-605976000.0,18649552000.0,12.0,26802707000.0,3208792000.0,3408068000.0,1539988000.0,70.44,3.09,2.69,32.0,559292000.0,71966000.0,36.32,40.99,1.4,ソフト９９コーポレーション
4465,2021/05,20468243000.0,11292946000.0,11142861000.0,10013277000.0,625280000.0,3057300000.0,1912.9,55.2,2718166000.0,-1081201000.0,1727375000.0,-802624000.0,5753847000.0,14.74,18436868000.0,2448890000.0,2465488000.0,697248000.0,118.11,6.17,3.41,26.0,153492000.0,,22.01,22.01,1.4,ニイタカ
4471,2021/03,195723000000.0,142951000000.0,127109000000.0,106662000000.0,6874000000.0,1000000000.0,6371.72,71.8,22300000000.0,-12498000000.0,-4146000000.0,,23647000000.0,15.41,144757000000.0,11932000000.0,11999000000.0,7282000000.0,330.31,5.18,3.72,150.0,3096000000.0,3000000.0,42.52,42.56,2.5,三洋化成工業
4531,2021/03,20998000000.0,10946000000.0,10131000000.0,3457000000.0,3800000000.0,1493000000.0,501.52,52.1,352000000.0,-648000000.0,106000000.0,-560000000.0,1256000000.0,3.17,11091000000.0,218000000.0,176000000.0,288000000.0,13.2,2.63,1.37,3.0,43000000.0,,14.93,14.93,0.6,有機合成薬品工業
4611,2021/03,85765000000.0,50865000000.0,37754000000.0,28101000000.0,4100000000.0,1800000000.0,1698.19,56.0,3641000000.0,-2325000000.0,499000000.0,-2812000000.0,6736000000.0,5.76,63160000000.0,2828000000.0,3268000000.0,1968000000.0,69.53,4.09,2.29,25.0,707000000.0,,35.92,35.92,1.6,大日本塗料
4612,2020/12,1615384000000.0,699805000000.0,568398000000.0,444639000000.0,68133000000.0,467627000000.0,354.3,35.2,88561000000.0,-36368000000.0,60869000000.0,-25214000000.0,232134000000.0,11.34,781146000000.0,86933000000.0,,44648000000.0,27.83,7.86,2.76,9.0,14439000000.0,19000000.0,32.34,32.38,2.6,日本ペイントホールディングス
4613,2021/03,606580000000.0,338859000000.0,281695000000.0,260799000000.0,6013000000.0,7751000000.0,1115.86,47.3,42647000000.0,-507000000.0,16828000000.0,-11316000000.0,108377000000.0,11.7,364620000000.0,31228000000.0,35880000000.0,20027000000.0,77.91,6.98,3.3,30.0,7746000000.0,157000000.0,38.68,39.46,2.8,関西ペイント
4615,2021/03,33719000000.0,18091000000.0,8667000000.0,5831000000.0,2180000000.0,1007000000.0,557.19,51.2,698000000.0,1644000000.0,-2168000000.0,-662000000.0,3300000000.0,3.46,20193000000.0,51000000.0,167000000.0,679000000.0,21.92,3.93,2.01,5.0,154000000.0,,22.68,,0.9,神東塗料
4616,2020/11,7063617000.0,2369455000.0,2052542000.0,1519781000.0,1172116000.0,820012000.0,2379.12,33.5,190591000.0,-172478000.0,-66494000.0,-172207000.0,1665403000.0,3.9,4880826000.0,-62083000.0,10649000.0,-2512000.0,-2.52,,,25.0,24921000.0,57000.0,,,1.0,川上塗料
4617,2021/03,105164000000.0,63106000000.0,53324000000.0,46552000000.0,16400000000.0,2000000.0,1063.42,55.3,7129000000.0,867000000.0,-7009000000.0,,21920000000.0,8.65,82442000000.0,6560000000.0,6430000000.0,3329000000.0,58.57,5.73,3.17,34.0,1967000000.0,3639000000.0,59.09,168.4,3.3,中国塗料
4619,2021/03,75502000000.0,47154000000.0,37888000000.0,30064000000.0,5608000000.0,3667000000.0,1961.04,56.4,3085000000.0,-5636000000.0,1059000000.0,,6518000000.0,6.43,48004000000.0,858000000.0,2403000000.0,1301000000.0,59.24,3.06,1.72,38.0,839000000.0,371000000.0,64.49,93.01,2.0,日本特殊塗料
4620,2021/03,53795149000.0,36504964000.0,33894660000.0,24027316000.0,2893770000.0,,1064.12,63.0,1594029000.0,-1075102000.0,-381859000.0,-1235744000.0,11782017000.0,3.22,49498467000.0,1619896000.0,1897538000.0,1220310000.0,38.34,3.6,2.27,16.0,509267000.0,,41.73,41.73,1.5,藤倉化成
4621,2021/03,46994000000.0,38873000000.0,37303000000.0,37842000000.0,,,2022.21,82.7,3610000000.0,-2274000000.0,-336000000.0,,14663000000.0,15.44,23374000000.0,1585000000.0,2162000000.0,1428000000.0,74.3,3.67,3.04,17.5,336000000.0,,23.53,23.53,0.9,ロックペイント
4623,2021/03,19666922000.0,12935811000.0,11748159000.0,3062983000.0,580000000.0,100000000.0,3355.54,65.8,1420716000.0,-1055389000.0,-699465000.0,-1127655000.0,3550875000.0,8.97,15845204000.0,1020697000.0,1129658000.0,633298000.0,157.67,4.9,3.22,65.0,224704000.0,454976000.0,35.48,107.32,2.0,アサヒペン
4624,2021/03,18941017000.0,15830467000.0,15153909000.0,13635586000.0,,,8096.16,81.5,680745000.0,-25921000.0,-107491000.0,-139502000.0,3183271000.0,9.51,7158525000.0,527072000.0,701212000.0,509502000.0,267.25,3.3,2.69,50.0,95324000.0,473000.0,18.71,18.8,0.6,イサム塗料
4625,2021/03,14547360000.0,9669451000.0,9401892000.0,8633192000.0,163610000.0,135000000.0,1826.27,66.5,1212634000.0,-289061000.0,-856707000.0,-289095000.0,2823839000.0,10.9,11122609000.0,644946000.0,633830000.0,379504000.0,60.95,3.92,2.61,15.0,98516000.0,573358000.0,25.96,177.04,0.9,アトミクス
4626,2021/03,179001000000.0,76497000000.0,74184000000.0,53065000000.0,10494000000.0,59333000000.0,1348.4,42.5,16312000000.0,-11603000000.0,19755000000.0,-11074000000.0,54309000000.0,20.14,80991000000.0,13943000000.0,13819000000.0,9529000000.0,167.47,12.52,5.32,80.1,3724000000.0,1500000000.0,39.08,54.82,6.2,太陽ホールディングス
4627,2020/10,24651244000.0,19047124000.0,18521344000.0,14094722000.0,,,2524.98,77.3,1434674000.0,-922204000.0,-305536000.0,-1008328000.0,7158492000.0,8.83,16247002000.0,1441297000.0,1500341000.0,1027677000.0,136.23,5.4,4.17,40.0,301739000.0,,29.36,29.36,1.6,ナトコ
4628,2021/03,144628000000.0,122220000000.0,122267000000.0,125985000000.0,3000000000.0,,45328.28,84.5,9549000000.0,-1569000000.0,-1155000000.0,,74974000000.0,11.21,85174000000.0,9942000000.0,10985000000.0,7046000000.0,2613.18,5.77,4.87,400.0,943000000.0,,13.38,13.38,0.9,エスケー化研
4629,2021/03,21032970000.0,13991197000.0,13934690000.0,12542671000.0,,130000000.0,3058.05,66.5,1589453000.0,-569271000.0,-332961000.0,-470826000.0,4404945000.0,6.2,25645706000.0,1629980000.0,1667718000.0,1138356000.0,248.81,8.14,5.41,39.0,169284000.0,76000.0,14.87,14.88,1.3,大伸化学
4631,2020/12,817950000000.0,351364000000.0,409003000000.0,219778000000.0,37371000000.0,123766000000.0,3364.92,38.9,54462000000.0,-33037000000.0,6338000000.0,-33999000000.0,41354000000.0,7.77,701223000000.0,39663000000.0,36452000000.0,13233000000.0,139.81,4.15,1.62,100.0,8531000000.0,5000000.0,64.47,64.51,3.0,ＤＩＣ
4633,2020/12,145272000000.0,81421000000.0,83035000000.0,73918000000.0,4533000000.0,9754000000.0,1307.14,52.6,10599000000.0,-7010000000.0,-980000000.0,-4318000000.0,11678000000.0,6.56,161507000000.0,7212000000.0,7789000000.0,5275000000.0,90.31,6.91,3.63,30.0,1752000000.0,,33.21,33.21,2.3,サカタインクス
4634,2020/12,380227000000.0,217325000000.0,206706000000.0,147390000000.0,19379000000.0,60492000000.0,3589.21,55.2,16743000000.0,-13294000000.0,16221000000.0,-13160000000.0,73117000000.0,6.5,257675000000.0,12909000000.0,12543000000.0,6019000000.0,103.04,2.87,1.58,90.0,5256000000.0,3000000.0,87.32,87.37,2.5,東洋インキＳＣホールディングス
4635,2021/03,45783000000.0,25216000000.0,24186000000.0,18675000000.0,3116000000.0,3969000000.0,9555.33,54.7,1942000000.0,-1668000000.0,1319000000.0,-1891000000.0,3161000000.0,5.09,38165000000.0,256000000.0,622000000.0,600000000.0,228.73,2.39,1.31,80.0,209000000.0,1000000.0,34.83,35.0,0.9,東京インキ
4636,2021/03,67435000000.0,44743000000.0,44540000000.0,40428000000.0,4329000000.0,3061000000.0,1965.63,65.6,3227000000.0,-772000000.0,-2643000000.0,-1759000000.0,6315000000.0,7.65,42205000000.0,198000000.0,1088000000.0,1323000000.0,58.39,2.99,1.96,15.0,512000000.0,715000000.0,38.7,92.74,0.8,Ｔ＆Ｋ　ＴＯＫＡ
4901,2021/03,3549203000000.0,2222157000000.0,2204566000000.0,,,,5514.14,62.1,420861000000.0,-279381000000.0,-163093000000.0,,394795000000.0,19.2,2192519000000.0,165473000000.0,,181205000000.0,453.28,8.22,5.11,100.0,37975000000.0,20000000.0,20.96,20.97,,富士フイルムホールディングス
4911,2020/12,1204229000000.0,506593000000.0,472610000000.0,339817000000.0,56491000000.0,167861000000.0,1212.34,40.2,64045000000.0,-70084000000.0,46880000000.0,-73489000000.0,136347000000.0,6.95,920888000000.0,14963000000.0,9638000000.0,-11660000000.0,-29.19,,,40.0,19972000000.0,12000000.0,,,3.3,資生堂
4912,2020/12,435501000000.0,244856000000.0,231723000000.0,156965000000.0,1405000000.0,639000000.0,797.08,53.2,40729000000.0,-19868000000.0,-9140000000.0,-22262000000.0,121534000000.0,11.46,355352000000.0,44074000000.0,,29870000000.0,102.75,12.89,6.86,23.0,6391000000.0,4000000.0,21.4,21.41,3.0,ライオン
4914,2021/03,184512000000.0,101349000000.0,91213000000.0,74886000000.0,18984000000.0,18702000000.0,5096.6,54.2,13733000000.0,-4275000000.0,-7860000000.0,-6955000000.0,10879000000.0,9.13,150367000000.0,6289000000.0,7281000000.0,7154000000.0,364.78,7.16,3.88,55.0,1274000000.0,,17.81,17.81,1.1,高砂香料工業
4917,2021/03,87911000000.0,69713000000.0,66245000000.0,50662000000.0,3694000000.0,,1431.42,73.1,6208000000.0,-5680000000.0,1125000000.0,-8879000000.0,13040000000.0,9.81,63310000000.0,-793000000.0,-273000000.0,860000000.0,19.17,1.34,0.98,32.0,2109000000.0,,245.23,245.23,2.2,マンダム
4918,2021/03,4715749000.0,1513299000.0,1626120000.0,1531892000.0,358272000.0,682988000.0,385.51,32.0,427020000.0,330370000.0,-693392000.0,-52486000.0,113430000.0,12.46,3426764000.0,51822000.0,6703000.0,-23228000.0,-6.0,,,,1990000.0,,,,,アイビー化粧品
4919,2020/12,43075520000.0,36308349000.0,35756838000.0,35643295000.0,,,1117.1,84.3,6548116000.0,-161779000.0,-3416124000.0,-1969207000.0,12307591000.0,18.33,35725069000.0,6394794000.0,5791315000.0,4204139000.0,129.24,11.58,9.76,56.0,1827000000.0,1591235000.0,43.46,81.31,5.0,ミルボン
4920,2021/02,15550749000.0,3090703000.0,2874109000.0,1220652000.0,1855408000.0,8099696000.0,1474.67,19.9,405520000.0,-2077124000.0,1872988000.0,-1969757000.0,959557000.0,4.44,9143569000.0,-831743000.0,-588958000.0,-848670000.0,-404.93,,,,52396000.0,,,,,日本色材工業研究所
4921,2021/03,97533000000.0,71215000000.0,70825000000.0,68050000000.0,,,584.73,72.3,10011000000.0,-8135000000.0,-4170000000.0,-8207000000.0,25487000000.0,8.71,114909000000.0,11576000000.0,11784000000.0,8016000000.0,66.45,11.36,8.22,34.0,4100000000.0,1000000.0,51.15,51.16,6.0,ファンケル
4922,2021/03,308386000000.0,241299000000.0,218107000000.0,222354000000.0,7600000000.0,,3952.92,73.1,23280000000.0,-5850000000.0,-7363000000.0,-10738000000.0,80051000000.0,8.33,279389000000.0,13294000000.0,18745000000.0,11986000000.0,210.11,5.32,3.89,120.0,8841000000.0,2000000.0,73.76,73.78,3.0,コーセー
4923,2021/03,11585688000.0,8581471000.0,8576902000.0,10146476000.0,,,396.13,74.0,1378159000.0,-88420000.0,-331973000.0,-559558000.0,3387279000.0,18.82,7324613000.0,1620897000.0,1657447000.0,1169187000.0,53.98,13.63,10.09,16.36,322298000.0,13672000.0,27.57,28.74,4.3,コタ
4925,2021/03,17441060000.0,12039071000.0,12035776000.0,11662635000.0,1100000000.0,1913691000.0,3183.64,69.0,534710000.0,-925076000.0,825385000.0,-881656000.0,5663626000.0,3.74,14307709000.0,226974000.0,250688000.0,216419000.0,57.23,1.8,1.24,40.0,151263000.0,122000.0,69.89,69.95,1.3,ハーバー研究所
4926,2021/03,9564741000.0,7596508000.0,7404883000.0,6554437000.0,,14500000.0,1773.54,79.4,-693996000.0,161380000.0,-6797000.0,-135871000.0,2308779000.0,-7.62,9101930000.0,-903749000.0,-509815000.0,-621872000.0,-145.27,,,,915000.0,81000.0,,,,シーボン
4927,2020/12,203742000000.0,169854000000.0,168001000000.0,79868000000.0,,,766.05,83.2,23394000000.0,-3342000000.0,-27133000000.0,-7452000000.0,58844000000.0,13.27,176311000000.0,13752000000.0,12579000000.0,4632000000.0,20.94,2.73,2.27,50.0,25678000000.0,,554.36,554.36,6.1,ポーラ・オルビスホールディングス
4928,2021/09,80448000000.0,52233000000.0,50357000000.0,43040000000.0,,,1520.21,64.5,9063000000.0,-416000000.0,-7181000000.0,-433000000.0,30841000000.0,17.68,51272000000.0,8557000000.0,8972000000.0,6383000000.0,186.88,12.29,7.93,210.0,7002000000.0,,109.7,109.7,13.8,ノエビアホールディングス
4929,2021/03,5096048000.0,4092179000.0,4097307000.0,2600175000.0,,,512.18,80.3,403108000.0,-235190000.0,-169555000.0,-85205000.0,1469849000.0,8.25,4885682000.0,292934000.0,325853000.0,142381000.0,17.83,3.48,2.79,24.0,191135000.0,,134.24,134.24,4.7,アジュバンコスメジャパン
4930,2021/06,2321570000.0,1934421000.0,1934421000.0,1462597000.0,,,2091.14,83.3,-159495000.0,-9110000.0,441524000.0,-9110000.0,671641000.0,-3.89,4096628000.0,317524000.0,274575000.0,182625000.0,204.74,9.44,7.87,,,229000.0,,0.13,,グラフィコ
4931,2021/09,23197000000.0,16174000000.0,15990000000.0,8532000000.0,,1839000000.0,747.06,68.9,2071000000.0,-1359000000.0,672000000.0,-170000000.0,13652000000.0,6.11,33899000000.0,3424000000.0,3414000000.0,2317000000.0,107.41,14.49,9.99,32.5,642000000.0,581000000.0,27.71,52.78,4.4,新日本製薬
4932,2021/03,2984899000.0,2317232000.0,2317232000.0,2601232000.0,70000000.0,,193.1,77.6,653956000.0,-13105000.0,-50836000.0,-13105000.0,1133270000.0,14.38,4547908000.0,527037000.0,537032000.0,367960000.0,30.66,15.88,12.33,,,,,,,アルマード
4933,2020/12,13165000000.0,6939000000.0,6928000000.0,1008000000.0,,1045000000.0,802.79,52.7,2743000000.0,-41000000.0,2214000000.0,-176000000.0,6741000000.0,11.74,23363000000.0,1512000000.0,1389000000.0,905000000.0,127.1,13.06,6.87,,,1857000000.0,,205.19,,Ｉ－ｎｅ
4934,2021/07,13071332000.0,6903117000.0,6908650000.0,4213510000.0,,545850000.0,791.65,52.8,2753427000.0,-180826000.0,1584830000.0,-75131000.0,6052155000.0,8.39,32815296000.0,4680076000.0,4653138000.0,2793627000.0,326.87,40.47,21.37,,,1120000.0,,0.04,,プレミアアンチエイジング
4935,2020/12,3176588000.0,1168371000.0,1163729000.0,806419000.0,,615446000.0,400.26,36.6,-150708000.0,-26933000.0,419080000.0,-5423000.0,678944000.0,-2.95,5110247000.0,295367000.0,263431000.0,155231000.0,59.22,13.34,4.89,21.4,7824000.0,,5.04,,6.5,リベルタ
4936,2021/07,8267521000.0,7193269000.0,7164505000.0,3042755000.0,,63134000.0,278.81,87.0,1059038000.0,-84511000.0,3959187000.0,-74482000.0,5935360000.0,18.3,5787495000.0,1383039000.0,1370649000.0,868637000.0,35.97,12.08,10.51,,,,,,,アクシージア
4937,2021/09,1901000000.0,800000000.0,800486000.0,-333141000.0,180000000.0,388974000.0,266.72,42.1,-128000000.0,-6000000.0,703000000.0,-9577000.0,1042693000.0,-2.73,4684000000.0,149000000.0,140000000.0,116000000.0,41.57,14.49,6.1,,,,,,,Ｗａｑｏｏ
4951,2021/03,46816503000.0,32632859000.0,30043790000.0,16982081000.0,464400000.0,,1445.14,68.5,4423266000.0,-1563988000.0,-1152317000.0,-1155224000.0,11831757000.0,8.9,49673733000.0,3945100000.0,3737177000.0,2525981000.0,113.9,7.87,5.4,37.0,805146000.0,515000.0,31.87,31.89,2.7,エステー
4955,2020/12,28977552000.0,21370169000.0,18947418000.0,15915094000.0,,2198469000.0,1520.6,65.0,1319265000.0,-129784000.0,-1865315000.0,-241007000.0,11958996000.0,8.68,15203384000.0,1038495000.0,1177705000.0,489958000.0,39.06,2.6,1.69,22.0,279347000.0,380107000.0,57.01,134.59,1.5,アグロ　カネショウ
4956,2021/03,113800000000.0,68785000000.0,61185000000.0,57596000000.0,48000000.0,440000000.0,1819.39,56.9,6765000000.0,-2690000000.0,-3032000000.0,-3227000000.0,23721000000.0,6.28,107750000000.0,7285000000.0,7424000000.0,4931000000.0,137.47,7.61,4.33,40.0,1476000000.0,971000000.0,29.93,49.62,2.3,コニシ
4957,2021/03,25194619000.0,18801455000.0,18578467000.0,15451853000.0,1840020000.0,2239955000.0,1829.91,74.6,1915569000.0,212206000.0,-1374435000.0,-159056000.0,3675647000.0,16.89,11343249000.0,353208000.0,480194000.0,333762000.0,32.48,1.78,1.32,12.0,123295000.0,51000.0,36.94,36.96,0.7,ヤスハラケミカル
4958,2021/09,120945000000.0,98301000000.0,86147000000.0,76107000000.0,,,2385.66,81.1,9980000000.0,-14130000000.0,-2733000000.0,-2738000000.0,18863000000.0,17.9,55755000000.0,6859000000.0,7466000000.0,6763000000.0,163.61,6.9,5.59,55.0,1825000000.0,846000000.0,26.99,39.49,2.4,長谷川香料
4960,2021/03,13643629000.0,4525184000.0,4465807000.0,1298638000.0,2850000000.0,2030000000.0,275.33,33.2,588181000.0,-222798000.0,-118387000.0,-320278000.0,2134695000.0,6.16,9553323000.0,349138000.0,110825000.0,180156000.0,10.98,3.98,1.32,3.5,57963000.0,,32.17,32.17,1.3,ケミプロ化成
4962,2021/03,16309903000.0,14093682000.0,13808183000.0,12865643000.0,,,2234.7,86.2,912026000.0,351398000.0,-253855000.0,-846915000.0,2651522000.0,14.34,6360479000.0,473833000.0,494088000.0,227809000.0,36.1,1.62,1.4,30.0,221274000.0,31440000.0,97.13,110.93,1.3,互応化学工業
4963,2020/12,37069633000.0,28451848000.0,27147786000.0,23676819000.0,730000000.0,623885000.0,885.19,72.4,4020665000.0,-2110630000.0,-580693000.0,-2697500000.0,2985835000.0,15.44,26046096000.0,2612452000.0,2667686000.0,1685517000.0,55.59,6.28,4.55,16.0,500643000.0,25000.0,29.7,29.7,1.8,星光ＰＭＣ
4966,2021/03,85105498000.0,69473699000.0,66180021000.0,68100768000.0,473063000.0,,3929.41,81.6,8677821000.0,-3905321000.0,-1782024000.0,,26149130000.0,15.51,55947358000.0,9490873000.0,9920699000.0,7128400000.0,402.89,10.26,8.38,90.0,1419167000.0,200267000.0,19.91,22.72,2.4,上村工業
4967,2020/12,238366000000.0,182583000000.0,174941000000.0,187071000000.0,13000000.0,,2335.91,76.6,23986000000.0,-12656000000.0,-6019000000.0,-4149000000.0,61157000000.0,15.94,150514000000.0,25943000000.0,27726000000.0,19205000000.0,245.7,10.52,8.06,77.0,5784000000.0,,30.12,30.12,3.4,小林製薬
4968,2021/03,105757000000.0,58590000000.0,51961000000.0,46265000000.0,7976000000.0,3813000000.0,2884.62,54.1,3685000000.0,-7298000000.0,1354000000.0,-6029000000.0,7342000000.0,5.22,70572000000.0,3257000000.0,3652000000.0,2169000000.0,109.33,3.79,2.05,46.0,872000000.0,,40.2,40.2,1.7,荒川化学工業
4970,2021/03,43518556000.0,12790696000.0,12750249000.0,9679877000.0,5000000000.0,11519809000.0,1611.52,29.4,4419460000.0,-5688105000.0,1472879000.0,-5670982000.0,3382440000.0,16.27,27164079000.0,2939274000.0,2982424000.0,2345962000.0,295.57,18.34,5.39,20.0,158741000.0,555000.0,6.77,6.79,1.4,東洋合成工業
4971,2020/12,21510752000.0,17470862000.0,16543283000.0,16583712000.0,400000000.0,,920.6,81.2,2429714000.0,-1149224000.0,-771809000.0,-1026351000.0,4471026000.0,20.32,11956625000.0,2370271000.0,2388475000.0,1595919000.0,84.09,9.13,7.42,26.0,498561000.0,48000.0,31.24,31.24,3.0,メック
4972,2021/03,40403720000.0,25591170000.0,24949173000.0,18272686000.0,943481000.0,1000000000.0,3107.24,63.3,5326948000.0,-1768437000.0,-693862000.0,-2169072000.0,9600229000.0,16.91,31493976000.0,3397950000.0,3576125000.0,2724813000.0,331.12,10.65,6.74,75.0,451881000.0,59000.0,16.58,16.59,2.5,綜研化学
4973,2021/03,16149849000.0,13249584000.0,8974685000.0,7877256000.0,,,2259.1,81.1,363914000.0,-40682000.0,-447163000.0,-31201000.0,4069152000.0,2.19,16622470000.0,955521000.0,1069778000.0,790519000.0,136.53,6.04,4.89,80.0,462928000.0,217000.0,58.56,58.59,3.9,日本高純度化学
4974,2021/03,89750000000.0,74302000000.0,74945000000.0,27085000000.0,,,616.05,82.7,13943000000.0,-3778000000.0,-1103000000.0,,23308000000.0,30.25,46086000000.0,13952000000.0,14159000000.0,9547000000.0,79.28,12.87,10.64,16.0,963000000.0,,10.09,,2.7,タカラバイオ
4975,2021/03,35224203000.0,27703658000.0,27649026000.0,29236578000.0,247360000.0,613357000.0,1055.1,78.6,6779541000.0,-557866000.0,-2350576000.0,-671270000.0,12685175000.0,31.99,21192063000.0,6799952000.0,6922697000.0,4708654000.0,178.33,17.0,13.37,50.0,1323987000.0,1000103000.0,28.12,49.36,5.0,ＪＣＵ
4976,2021/06,9760228000.0,7781444000.0,7655149000.0,6835999000.0,100000000.0,285300000.0,5875.97,79.7,690773000.0,235425000.0,-141198000.0,-237657000.0,4542442000.0,10.83,6377653000.0,452385000.0,733353000.0,452997000.0,342.13,5.82,4.64,41.0,52961000.0,,11.69,11.69,0.7,東洋ドライルーブ
4977,2021/03,34915000000.0,18873000000.0,15601000000.0,9690000000.0,1964000000.0,3925000000.0,929.1,48.1,3509000000.0,-897000000.0,-31000000.0,-1274000000.0,3998000000.0,11.5,30514000000.0,1356000000.0,1364000000.0,742000000.0,40.98,4.42,2.13,12.0,218000000.0,199000000.0,29.38,56.2,1.3,新田ゼラチン
4978,2021/03,6047488000.0,5391055000.0,5423687000.0,-9031649000.0,,80000000.0,75.17,89.0,-648883000.0,-1416764000.0,4410000.0,-64267000.0,2601406000.0,-50.45,1286284000.0,-1048046000.0,-788730000.0,-812572000.0,-11.38,,,,,,,,,リプロセル
4979,2020/12,28848000000.0,7632000000.0,7390000000.0,4680000000.0,6558000000.0,8673000000.0,1271.44,23.9,1937000000.0,-258000000.0,-1339000000.0,-292000000.0,3527000000.0,9.55,20288000000.0,1512000000.0,1346000000.0,837000000.0,154.66,12.16,2.9,40.0,216000000.0,,25.81,25.81,3.3,ＯＡＴアグリオ
4980,2021/03,95201000000.0,53305000000.0,51439000000.0,22717000000.0,,10808000000.0,874.66,56.0,13187000000.0,-2471000000.0,-4259000000.0,-2736000000.0,20531000000.0,20.03,65830000000.0,11339000000.0,10844000000.0,5329000000.0,87.59,10.0,5.6,44.0,2174000000.0,331000000.0,40.8,47.01,5.2,デクセリアルズ
4985,2020/12,119870000000.0,59823000000.0,52994000000.0,33322000000.0,1756000000.0,2218000000.0,2507.57,46.1,24590000000.0,-3168000000.0,-4938000000.0,-2298000000.0,23716000000.0,12.54,196045000000.0,11416000000.0,11661000000.0,3547000000.0,170.64,6.41,2.96,115.0,2023000000.0,1000000.0,57.03,57.06,5.1,アース製薬
4987,2021/03,37033000000.0,29046000000.0,27062000000.0,17824000000.0,120000000.0,179000000.0,1146.55,78.4,2000000.0,-1536000000.0,77000000.0,-1785000000.0,7780000000.0,0.01,21662000000.0,128000000.0,245000000.0,91000000.0,3.59,0.31,0.25,12.0,202000000.0,,221.98,221.98,1.1,寺岡製作所
4990,2021/03,12322460000.0,5775951000.0,5101593000.0,4361231000.0,2755148000.0,676210000.0,546.3,46.9,816530000.0,-240135000.0,239239000.0,-204038000.0,2768215000.0,10.64,7676107000.0,366423000.0,474267000.0,292109000.0,27.64,5.06,2.37,5.0,52826000.0,34000.0,18.08,18.1,0.9,昭和化学工業
4992,2020/11,48201000000.0,30363000000.0,25381000000.0,20869000000.0,436000000.0,1200000000.0,1121.14,63.0,4590000000.0,-1885000000.0,361000000.0,-1917000000.0,3956000000.0,11.58,39641000000.0,2287000000.0,3258000000.0,2400000000.0,88.62,7.9,4.98,18.0,501000000.0,,20.88,20.88,1.7,北興化学工業
4994,2021/03,29431137000.0,21476175000.0,20785711000.0,14385659000.0,133150000.0,293061000.0,3064.01,71.6,2891185000.0,-1191349000.0,-1449902000.0,-1178359000.0,4961341000.0,11.15,25937398000.0,2407924000.0,2425756000.0,1127385000.0,163.06,5.35,3.83,70.0,486890000.0,145745000.0,43.19,56.12,2.3,大成ラミック
4996,2020/10,154857000000.0,103959000000.0,101555000000.0,65314000000.0,10309000000.0,9434000000.0,787.0,63.6,4532000000.0,-4734000000.0,5067000000.0,-5689000000.0,18706000000.0,4.22,107280000000.0,8283000000.0,9916000000.0,6618000000.0,52.92,6.72,4.27,12.0,1501000000.0,106000000.0,22.68,24.28,1.6,クミアイ化学工業
4997,2021/03,107969000000.0,62071000000.0,63201000000.0,34992000000.0,10901000000.0,6348000000.0,774.77,56.4,5776000000.0,-283000000.0,-197000000.0,-1423000000.0,17414000000.0,8.08,71525000000.0,6981000000.0,5722000000.0,4344000000.0,55.22,7.13,4.02,15.0,905000000.0,75000000.0,20.83,22.56,2.0,日本農薬
4998,2021/03,46172505000.0,19823520000.0,16913573000.0,8424609000.0,7264594000.0,,1126.85,40.2,6290000000.0,-2903000000.0,-3098000000.0,-2894238000.0,5976000000.0,12.96,48532198000.0,3560619000.0,3852727000.0,2321698000.0,140.86,12.5,5.03,24.0,329648000.0,957000.0,14.2,14.24,2.1,フマキラー
4999,2021/03,22515923000.0,13497545000.0,12838831000.0,7261566000.0,,,868.53,57.8,1431024000.0,-336453000.0,-166086000.0,-347218000.0,5865359000.0,5.56,25759424000.0,1522143000.0,1518345000.0,1063509000.0,71.0,8.17,4.72,10.0,149795000.0,,14.08,14.08,1.2,セメダイン
5142,2021/03,76862000000.0,46386000000.0,43377000000.0,24209000000.0,2650000000.0,2550000000.0,2952.92,60.4,4509000000.0,-2830000000.0,-650000000.0,,8129000000.0,6.12,73617000000.0,1569000000.0,2080000000.0,3215000000.0,204.66,6.93,4.18,50.0,628000000.0,2000000.0,19.53,19.6,1.8,アキレス
5208,2021/03,67257000000.0,47444819000.0,44241763000.0,33374092000.0,3606087000.0,3761507000.0,1388.5,68.8,610515000.0,1567351000.0,-5703182000.0,-1983827000.0,11488288000.0,1.31,46439000000.0,3118486000.0,3578000000.0,2160000000.0,64.92,4.67,3.21,39.0,997370000.0,334000.0,46.17,46.19,2.8,有沢製作所
6776,2021/03,17324000000.0,7150000000.0,6662000000.0,4424000000.0,200000000.0,2336000000.0,396.79,39.0,1035000000.0,-1681000000.0,496000000.0,-2006000000.0,2891000000.0,6.65,15557000000.0,291000000.0,298000000.0,158000000.0,9.29,2.34,0.91,3.0,51000000.0,,32.28,,0.7,天昇電気工業
6988,2021/03,965901000000.0,716686000000.0,715868000000.0,635916000000.0,545000000.0,,4838.07,74.1,116309000000.0,-57538000000.0,-68297000000.0,,300888000000.0,15.28,761321000000.0,93809000000.0,,70235000000.0,472.71,9.81,7.27,200.0,30188000000.0,33288000000.0,42.98,90.38,4.3,日東電工
7871,2021/03,47518000000.0,32284000000.0,30116000000.0,26587000000.0,255000000.0,,1555.2,66.7,2593000000.0,-777000000.0,-626000000.0,-791000000.0,11524000000.0,7.28,35636000000.0,827000000.0,1386000000.0,915000000.0,44.93,2.89,1.93,17.5,305000000.0,0.0,33.33,33.33,1.2,フクビ化学工業
7874,2021/03,68590000000.0,34234000000.0,30595000000.0,20366000000.0,200000000.0,25250000000.0,950.49,47.4,5606000000.0,-4175000000.0,-2314000000.0,-8570000000.0,13921000000.0,11.28,49684000000.0,5277000000.0,5395000000.0,4168000000.0,121.94,12.81,6.08,34.0,906000000.0,1643000000.0,21.74,61.16,3.8,レック
7877,2021/03,9585891000.0,6894781000.0,6336388000.0,3942450000.0,175500000.0,534593000.0,4996.96,71.9,598942000.0,-197574000.0,-217564000.0,-168447000.0,2333075000.0,7.78,7701820000.0,231800000.0,259520000.0,161710000.0,115.27,2.35,1.69,67.5,92228000.0,60119000.0,57.03,94.21,1.4,永大化工
7886,2021/03,8618966000.0,1330527000.0,1386071000.0,-281812000.0,1736184000.0,2511795000.0,1323.78,15.4,-100105000.0,290753000.0,715627000.0,-305103000.0,2424893000.0,-0.77,12966763000.0,-551040000.0,-484813000.0,-578756000.0,-576.16,,,,,39000.0,,,,ヤマト・インダストリー
7888,2021/05,56633000000.0,20649000000.0,21381000000.0,13344000000.0,5820000000.0,7577000000.0,665.57,35.8,3530000000.0,-3338000000.0,-102000000.0,-2671000000.0,8079000000.0,6.4,55145000000.0,2411000000.0,1951000000.0,1302000000.0,42.71,6.42,2.3,11.0,182000000.0,,13.98,13.98,1.7,三光合成
7895,2021/03,36495000000.0,9280000000.0,8598000000.0,-4232000000.0,5000000000.0,2754000000.0,460.57,25.4,4103000000.0,-1496000000.0,-1972000000.0,,3578000000.0,8.56,47936000000.0,2359000000.0,2385000000.0,2170000000.0,107.7,23.38,5.95,,,,,,,中央化学
7899,2021/04,3782887000.0,3149609000.0,3528181000.0,1861488000.0,12000000.0,,599.61,83.3,215909000.0,-30551000.0,-48297000.0,-30928000.0,1398860000.0,9.08,2377672000.0,53931000.0,56802000.0,28140000.0,5.36,0.89,0.74,8.0,47248000.0,,167.9,,1.3,ＭＩＣＳ化学
7908,2021/03,22827000000.0,17961000000.0,18035000000.0,13184000000.0,,,380.93,78.7,1251000000.0,-271000000.0,-427000000.0,-322000000.0,12442000000.0,10.82,11557000000.0,402000000.0,525000000.0,492000000.0,10.3,2.74,2.16,5.0,240000000.0,187000000.0,48.78,86.79,1.3,きもと
7917,2021/03,117393000000.0,77941000000.0,69910000000.0,57358000000.0,1643000000.0,1075000000.0,3811.34,61.8,11895000000.0,-9894000000.0,-806000000.0,-9722000000.0,24278000000.0,10.14,117250000000.0,10286000000.0,10708000000.0,7278000000.0,382.4,10.03,6.2,75.0,1332000000.0,,18.3,18.3,2.1,藤森工業
7925,2021/03,44918000000.0,37360000000.0,35792000000.0,27087000000.0,370000000.0,60000000.0,2521.15,83.2,2170000000.0,-642000000.0,-538000000.0,-604000000.0,10439000000.0,10.34,20985000000.0,929000000.0,1232000000.0,755000000.0,50.95,2.02,1.68,35.0,522000000.0,,69.14,69.14,1.4,前澤化成工業
7927,2021/03,23136546000.0,12741690000.0,12611104000.0,8573937000.0,2550000000.0,2209840000.0,1671.5,51.9,1994986000.0,-1593547000.0,-175126000.0,-915712000.0,6913417000.0,10.37,19230260000.0,1144622000.0,1068702000.0,288409000.0,40.13,2.4,1.25,20.0,125768000.0,77000.0,43.61,43.63,1.2,ムトー精工
7928,2021/08,6435000000.0,4621000000.0,3933085000.0,2830316000.0,,,1431.91,71.8,692000000.0,-668000000.0,-44000000.0,-293464000.0,1345429000.0,6.65,10409000000.0,806000000.0,772000000.0,552000000.0,171.01,11.94,8.58,35.0,41962000.0,112000.0,7.6,7.62,2.7,旭化学工業
7931,2021/03,58785000000.0,46208000000.0,45796000000.0,45124000000.0,65000000.0,160000000.0,2665.09,77.9,5022000000.0,-1918000000.0,-821000000.0,-2577000000.0,17350000000.0,13.92,36069000000.0,4184000000.0,4121000000.0,2826000000.0,164.54,6.17,4.81,40.0,720000000.0,,25.48,25.48,1.6,未来工業
7940,2021/03,26092096000.0,14289553000.0,14163537000.0,12131079000.0,100000000.0,2609404000.0,1457.59,54.6,2114397000.0,1291135000.0,-884735000.0,-883746000.0,4882146000.0,7.23,29248149000.0,1489639000.0,1428662000.0,2386605000.0,244.82,16.74,9.15,30.0,291480000.0,,12.21,12.21,2.2,ウェーブロックホールディングス
7942,2021/03,129053000000.0,85561000000.0,85191000000.0,63045000000.0,7500000000.0,8680000000.0,2767.24,63.9,12211000000.0,-5174000000.0,-2266000000.0,,12278000000.0,11.89,102668000000.0,5185000000.0,5519000000.0,3017000000.0,101.21,3.66,2.34,50.0,1490000000.0,,49.39,49.39,1.8,ＪＳＰ
7947,2021/03,247234000000.0,124980000000.0,122980000000.0,99959000000.0,16326000000.0,36966000000.0,1520.05,50.3,31814000000.0,-19131000000.0,-15086000000.0,-17709000000.0,17884000000.0,16.97,187509000000.0,18763000000.0,19381000000.0,12211000000.0,147.79,9.82,4.94,44.5,3390000000.0,4000000000.0,27.76,60.52,3.0,エフピコ
7958,2021/03,92386737000.0,72895467000.0,71274383000.0,40388885000.0,,,3153.43,78.9,5799220000.0,2320187000.0,-4241491000.0,-3357456000.0,16105834000.0,7.88,73638812000.0,2891974000.0,2918768000.0,3005675000.0,127.08,4.12,3.25,80.0,1915209000.0,1999085000.0,63.72,130.23,2.6,天馬
7970,2021/03,108212000000.0,86677000000.0,89944000000.0,69257000000.0,,,1067.59,79.8,10641000000.0,-3736000000.0,-1691000000.0,-2785000000.0,45948000000.0,13.84,76904000000.0,7217000000.0,7021000000.0,4536000000.0,56.08,5.25,4.19,20.0,1536000000.0,,33.86,33.86,1.9,信越ポリマー
7971,2021/03,76817000000.0,38087000000.0,36043000000.0,24033000000.0,1625000000.0,5000000000.0,618.19,49.2,4161000000.0,-3106000000.0,-987000000.0,-2529000000.0,10268000000.0,4.84,85931000000.0,1595000000.0,2026000000.0,1386000000.0,22.65,3.66,1.8,8.0,489000000.0,,35.28,35.28,1.3,東リ
7988,2021/03,307127000000.0,178649000000.0,183534000000.0,176455000000.0,8771000000.0,25405000000.0,1737.8,57.5,39922000000.0,-12570000000.0,-20273000000.0,,95744000000.0,15.59,256078000000.0,27695000000.0,29535000000.0,18402000000.0,181.09,10.43,5.99,53.0,5726000000.0,1419000000.0,31.12,38.83,3.1,ニフコ
7995,2021/03,52691000000.0,37274000000.0,34335000000.0,17968000000.0,1538000000.0,2506000000.0,2019.87,67.7,4586000000.0,-2323000000.0,-803000000.0,-3679000000.0,8026000000.0,10.26,44717000000.0,3475000000.0,3673000000.0,3090000000.0,175.23,8.67,5.86,95.0,1674000000.0,2000000.0,54.17,54.24,4.9,バルカー
8011,2021/02,52926000000.0,33462000000.0,29755000000.0,6109000000.0,3200000000.0,2800000000.0,2763.23,63.2,-5656000000.0,15761000000.0,-4276000000.0,-937000000.0,18781000000.0,-14.91,37939000000.0,-8913000000.0,-9036000000.0,-4988000000.0,-412.02,,,,278000000.0,,,,,三陽商会
8013,2021/01,11773000000.0,6694000000.0,6490000000.0,-834000000.0,2034000000.0,300000000.0,815.26,56.9,-321000000.0,-104000000.0,2099000000.0,,5437000000.0,-2.75,11688000000.0,-1807000000.0,-1747000000.0,-1837000000.0,-223.75,,,,,,,,,ナイガイ
8016,2021/02,196052000000.0,59509000000.0,68926000000.0,9321000000.0,61618000000.0,16430000000.0,418.32,28.9,-19614000000.0,6091000000.0,5860000000.0,-4249000000.0,21270000000.0,-11.15,175899000000.0,-21230000000.0,-20174000000.0,-23181000000.0,-171.18,,,12.0,3240000000.0,,,,2.1,オンワードホールディングス
8029,2020/12,46722000000.0,24240000000.0,23721000000.0,15691000000.0,2480000000.0,8071000000.0,3137.54,51.7,1950000000.0,-1927000000.0,-215000000.0,-2135000000.0,6059000000.0,5.27,37014000000.0,636000000.0,848000000.0,431000000.0,56.06,1.79,0.92,30.0,230000000.0,,53.36,53.36,1.0,ルックホールディングス
8040,2020/12,15813489000.0,7479452000.0,7414721000.0,285331000.0,3600000000.0,730000000.0,2222.16,47.3,-2836707000.0,-9843000.0,2784772000.0,-65638000.0,787087000.0,-27.7,10242311000.0,-2250035000.0,-1962683000.0,-1984437000.0,-591.09,,,,50863000.0,221000.0,,,,東京ソワール
8107,2021/03,3470150000.0,1002451000.0,969495000.0,-2741378000.0,458336000.0,1179608000.0,6.72,28.5,-247841000.0,-570309000.0,1056946000.0,-767085000.0,369398000.0,-5.26,4708413000.0,-437778000.0,-434574000.0,-416267000.0,-3.15,,,,,,,,,キムラタン
8111,2021/03,91376000000.0,52916000000.0,53810000000.0,50604000000.0,3600000000.0,3626000000.0,1164.18,57.8,7401000000.0,-3261000000.0,-162000000.0,,20287000000.0,8.18,90479000000.0,14838000000.0,15984000000.0,10734000000.0,236.64,20.33,11.75,70.0,2818000000.0,2602000000.0,26.25,50.49,6.4,ゴールドウイン
8113,2020/12,893413000000.0,562653000000.0,493002000000.0,547259000000.0,8975000000.0,24202000000.0,822.92,55.2,150254000000.0,-41698000000.0,-35239000000.0,,199522000000.0,20.65,727475000000.0,114744000000.0,,52344000000.0,87.6,10.62,5.86,32.0,17898000000.0,7193000000.0,34.19,47.93,4.0,ユニ・チャーム
8114,2021/03,107987000000.0,77963000000.0,76796000000.0,48230000000.0,1000000000.0,373000000.0,1033.22,72.2,2393000000.0,51000000.0,-2586000000.0,-1739000000.0,19244000000.0,2.47,96862000000.0,-1806000000.0,-584000000.0,5039000000.0,66.79,6.46,4.67,,1960000000.0,,,,,デサント
8118,2021/03,23966000000.0,21006000000.0,20549000000.0,12321000000.0,380000000.0,50000000.0,1163.36,87.6,680000000.0,26000000.0,-252000000.0,-473000000.0,10469000000.0,8.4,8096000000.0,-5000000.0,81000000.0,-129000000.0,-7.14,,,7.0,252000000.0,,,,0.6,キング
8127,2021/08,21013000000.0,15947000000.0,15306229000.0,5763798000.0,,398170000.0,776.15,75.9,759000000.0,57000000.0,-300000000.0,-39487000.0,5850589000.0,5.54,13691000000.0,-364000000.0,92000000.0,30000000.0,1.46,0.19,0.14,5.0,123284000.0,180000.0,410.95,411.55,0.6,ヤマトインターナショナル
8143,2021/02,3880367000.0,724600000.0,630950000.0,-2132219000.0,600000000.0,599170000.0,302.42,18.4,-910593000.0,308194000.0,994214000.0,-70600000.0,1231609000.0,-17.42,5227557000.0,-1897974000.0,-1598596000.0,-2135989000.0,-907.85,,,,118000.0,136000.0,,,,ラピーヌ
9385,2021/03,10287815000.0,4733753000.0,4482708000.0,2908603000.0,2690000000.0,54300000.0,612.52,46.0,-602220000.0,-145622000.0,822860000.0,-100015000.0,943536000.0,-2.94,20507456000.0,1215836000.0,1071461000.0,675186000.0,100.55,14.26,6.56,20.0,124866000.0,37000.0,18.49,18.5,3.8,ショーエイコーポレーション
9845,2021/03,53243000000.0,34687000000.0,29605000000.0,25350000000.0,2271000000.0,1435000000.0,1255.68,60.0,4321000000.0,-1808000000.0,-574000000.0,-968000000.0,13385000000.0,9.81,44061000000.0,2626000000.0,2893000000.0,2375000000.0,92.89,7.43,4.46,13.0,243000000.0,105000000.0,10.23,14.65,1.0,パーカーコーポレーション
